method,scene,FDP_mean,FDP_sd,FDP_se,FDP_ci_low,FDP_ci_high,FDP_n,power_mean,power_sd,power_se,power_ci_low,power_ci_high,power_n,rmse_mean,rmse_sd,rmse_se,rmse_ci_low,rmse_ci_high,rmse_n
copula_mvr,linear_dense,0.0,0.0,0.0,0.0,0.0,100,0.7999999999999998,2.2316322462394835e-16,2.2316322462394835e-17,0.7999999999999998,0.7999999999999998,100,1.098380731216432,0.0478588072340994,0.004785880723409941,1.0888845055571434,1.1078769568757205,100
copula_mvr,linear_medium,0.1666666666666667,5.579080615598709e-17,5.579080615598709e-18,0.1666666666666667,0.1666666666666667,100,1.0,0.0,0.0,1.0,1.0,100,1.0726835276520863,0.0406761766316204,0.00406761766316204,1.064612491732584,1.0807545635715885,100
copula_mvr,linear_sparse,0.5833333333333334,0.0,0.0,0.5833333333333334,0.5833333333333334,100,1.0,0.0,0.0,1.0,1.0,100,0.6370894628984808,0.032721599678105805,0.0032721599678105806,0.630596787622303,0.6435821381746586,100
copula_mvr,linear_weak,0.1866666666666667,0.04123513914535394,0.004123513914535394,0.17848472045766364,0.19484861287566976,100,0.9760000000000001,0.0494821669744247,0.00494821669744247,0.9661816645491964,0.9858183354508038,100,1.8831333566258452,0.06951051560243024,0.006951051560243024,1.8693409622892,1.8969257509624904,100
copula_mvr,nonlinear,0.5125,0.10618829494952499,0.010618829494952499,0.4914299385109348,0.533570061489065,100,0.5849999999999999,0.12742595393943001,0.012742595393943002,0.5597159262131217,0.610284073786878,100,1.2440415834818008,0.10802813570852152,0.010802813570852152,1.222606457670528,1.2654767092930737,100
copula_mvr,nonlinear_panel,0.4816666666666667,0.1043256362733455,0.01043256362733455,0.46096619706961656,0.5023671362637168,100,0.622,0.12519076352801461,0.012519076352801462,0.5971594364835399,0.6468405635164601,100,1.2159759492467588,0.10396054375628722,0.010396054375628721,1.1953479219258303,1.2366039765676873,100
deep_lasso,linear_dense,0.008333333333333333,0.0251259453814803,0.00251259453814803,0.0033478006584718827,0.013318866008194784,100,0.7933333333333331,0.02010075630518427,0.002010075630518427,0.789344907193444,0.7973217594732223,100,1.0942230685529653,0.045104248667262425,0.004510424866726243,1.0852734070739007,1.1031727300320298,100
deep_lasso,linear_medium,0.17000000000000007,0.016412198797244364,0.0016412198797244363,0.1667434636934978,0.17325653630650234,100,0.996,0.019694638556693234,0.0019694638556693234,0.9920921564321973,0.9999078435678027,100,1.0723280862565165,0.04026895800774503,0.004026895800774503,1.0643378513466606,1.0803183211663725,100
deep_lasso,linear_sparse,0.5833333333333334,0.0,0.0,0.5833333333333334,0.5833333333333334,100,1.0,0.0,0.0,1.0,1.0,100,0.6381338921262677,0.03301109572388048,0.003301109572388048,0.6315837745539478,0.6446840096985876,100
deep_lasso,linear_weak,0.24833333333333335,0.06802076001847128,0.006802076001847128,0.23483653882501787,0.26183012784164883,100,0.9020000000000005,0.08162491202216553,0.008162491202216553,0.8858038465900219,0.9181961534099791,100,1.8882416709425258,0.06786634365956286,0.006786634365956286,1.874775515989904,1.9017078258951476,100
deep_lasso,nonlinear,0.30750000000000005,0.07918549306539031,0.00791854930653903,0.291787880234608,0.3232121197653921,100,0.8310000000000002,0.0950225916784684,0.00950225916784684,0.8121454562815297,0.8498545437184707,100,1.1751141499476043,0.10525299077697331,0.010525299077697331,1.1542296730979387,1.19599862679727,100
deep_lasso,nonlinear_panel,0.295,0.07530335209843916,0.0075303352098439165,0.280058181226085,0.30994181877391497,100,0.8460000000000001,0.09036402251812703,0.009036402251812703,0.828069817471302,0.8639301825286981,100,1.1452754292482554,0.09973667193231324,0.009973667193231324,1.1254855097347398,1.165065348761771,100
dl_jacobian,linear_dense,0.0,0.0,0.0,0.0,0.0,100,0.7999999999999998,2.2316322462394835e-16,2.2316322462394835e-17,0.7999999999999998,0.7999999999999998,100,1.0981348531109463,0.04844094854332585,0.004844094854332585,1.0885231179862636,1.107746588235629,100
dl_jacobian,linear_medium,0.1666666666666667,5.579080615598709e-17,5.579080615598709e-18,0.1666666666666667,0.1666666666666667,100,1.0,0.0,0.0,1.0,1.0,100,1.0724403532539464,0.03979741942182265,0.003979741942182265,1.0645436818296383,1.0803370246782544,100
dl_jacobian,linear_sparse,0.5833333333333334,0.0,0.0,0.5833333333333334,0.5833333333333334,100,1.0,0.0,0.0,1.0,1.0,100,0.6367376288110426,0.03204972030909378,0.0032049720309093783,0.6303782689782009,0.6430969886438842,100
dl_jacobian,linear_weak,0.2125,0.06309342297297468,0.006309342297297469,0.19998089606083164,0.22501910393916835,100,0.9450000000000002,0.0757121075675696,0.00757121075675696,0.9299770752729981,0.9600229247270022,100,1.8841093451648745,0.06790879112864504,0.006790879112864504,1.8706347677134825,1.8975839226162665,100
dl_jacobian,nonlinear,0.3241666666666667,0.08934149291847747,0.008934149291847746,0.30643937619447315,0.3418939571388603,100,0.8110000000000003,0.10720979150217295,0.010720979150217295,0.789727251433368,0.8322727485666326,100,1.178398685584591,0.10347171855265135,0.010347171855265135,1.1578676517892004,1.1989297193799815,100
dl_jacobian,nonlinear_panel,0.3075,0.08093779046851926,0.008093779046851926,0.29144018641347064,0.32355981358652935,100,0.8310000000000001,0.0971253485622231,0.00971253485622231,0.8117282236961648,0.8502717763038353,100,1.1483491979142904,0.09913418306662593,0.009913418306662593,1.128678825262814,1.1680195705657668,100
dl_jacobian_lossrank,linear_dense,0.0,0.0,0.0,0.0,0.0,100,0.7999999999999998,2.2316322462394835e-16,2.2316322462394835e-17,0.7999999999999998,0.7999999999999998,100,1.0987299172265503,0.047995997977715525,0.004799599797771553,1.0892064699473545,1.1082533645057462,100
dl_jacobian_lossrank,linear_medium,0.1666666666666667,5.579080615598709e-17,5.579080615598709e-18,0.1666666666666667,0.1666666666666667,100,1.0,0.0,0.0,1.0,1.0,100,1.0723410638132789,0.03982310339003749,0.003982310339003749,1.0644392961324594,1.0802428314940984,100
dl_jacobian_lossrank,linear_sparse,0.5833333333333334,0.0,0.0,0.5833333333333334,0.5833333333333334,100,1.0,0.0,0.0,1.0,1.0,100,0.6371714571187592,0.0326920949986011,0.0032692094998601103,0.6306846362111036,0.6436582780264148,100
dl_jacobian_lossrank,linear_weak,0.21083333333333334,0.062062158841317265,0.006206215884131726,0.19851885457131674,0.22314781209534995,100,0.9470000000000002,0.07447459060958068,0.0074474590609580685,0.9322226254855802,0.9617773745144201,100,1.8834251191236355,0.06765987043001316,0.006765987043001316,1.8699999329392243,1.8968503053080468,100
dl_jacobian_lossrank,nonlinear,0.3308333333333333,0.09285274899879378,0.009285274899879379,0.31240933347757455,0.3492573331890921,100,0.8030000000000003,0.11142329879855253,0.011142329879855254,0.7808912001730898,0.8251087998269108,100,1.1798443229750533,0.10430760139593216,0.010430760139593216,1.1591474318889514,1.200541214061155,100
dl_jacobian_lossrank,nonlinear_panel,0.32000000000000006,0.08841413622111653,0.008841413622111653,0.3024567172157063,0.3375432827842938,100,0.816,0.10609696346533985,0.010609696346533986,0.7949480606588475,0.8370519393411524,100,1.1493125781118647,0.09750000126805423,0.009750000126805424,1.1299664625830457,1.1686586936406838,100
dl_score_only,linear_dense,0.008333333333333333,0.0251259453814803,0.00251259453814803,0.0033478006584718827,0.013318866008194784,100,0.7933333333333331,0.02010075630518427,0.002010075630518427,0.789344907193444,0.7973217594732223,100,1.0940303928370205,0.04521159524772906,0.004521159524772906,1.0850594314674913,1.1030013542065498,100
dl_score_only,linear_medium,0.17000000000000007,0.016412198797244364,0.0016412198797244363,0.1667434636934978,0.17325653630650234,100,0.996,0.019694638556693234,0.0019694638556693234,0.9920921564321973,0.9999078435678027,100,1.0723453784287136,0.03997682091599573,0.003997682091599572,1.064413109855819,1.0802776470016082,100
dl_score_only,linear_sparse,0.5833333333333334,0.0,0.0,0.5833333333333334,0.5833333333333334,100,1.0,0.0,0.0,1.0,1.0,100,0.6378811865135673,0.03296507311400724,0.003296507311400724,0.6313402008255137,0.6444221722016209,100
dl_score_only,linear_weak,0.24583333333333335,0.06739397042970968,0.006739397042970968,0.23246090747772286,0.25920575918894384,100,0.9050000000000002,0.08087276451565162,0.008087276451565161,0.8889530889732676,0.9210469110267329,100,1.8878772448224084,0.06870820801448987,0.006870820801448988,1.8742440457173948,1.901510443927422,100
dl_score_only,nonlinear,0.2975,0.07325887710848707,0.007325887710848707,0.2829638494192848,0.31203615058071515,100,0.843,0.08791065253018449,0.008791065253018449,0.8255566193031418,0.8604433806968581,100,1.1747589360878958,0.10479310990069848,0.010479310990069848,1.153965709581268,1.1955521625945236,100
dl_score_only,nonlinear_panel,0.28833333333333333,0.07341669580786482,0.007341669580786482,0.27376586809876113,0.3029007985679055,100,0.8540000000000002,0.08810003496943779,0.008810003496943778,0.8365190417185135,0.8714809582814869,100,1.14500154132226,0.0995741353604562,0.00995741353604562,1.1252438725908562,1.164759210053664,100
elastic_net,linear_dense,0.0,0.0,0.0,0.0,0.0,100,0.7999999999999998,2.2316322462394835e-16,2.2316322462394835e-17,0.7999999999999998,0.7999999999999998,100,1.101182923935089,0.050462177457069005,0.0050462177457069,1.0911701331430534,1.1111957147271245,100
elastic_net,linear_medium,0.1666666666666667,5.579080615598709e-17,5.579080615598709e-18,0.1666666666666667,0.1666666666666667,100,1.0,0.0,0.0,1.0,1.0,100,1.072363766648279,0.03931861112612898,0.003931861112612898,1.0645621011776547,1.0801654321189034,100
elastic_net,linear_sparse,0.5833333333333334,0.0,0.0,0.5833333333333334,0.5833333333333334,100,1.0,0.0,0.0,1.0,1.0,100,0.6358084335539591,0.03311026566085873,0.003311026566085873,0.6292386385146359,0.6423782285932823,100
elastic_net,linear_weak,0.1841666666666667,0.03611111111111112,0.0036111111111111122,0.17700143878621868,0.19133189454711472,100,0.9790000000000001,0.04333333333333333,0.004333333333333333,0.9704017265434625,0.9875982734565377,100,1.8829106966341904,0.06744330045736094,0.0067443300457360935,1.8695284826308716,1.8962929106375093,100
elastic_net,nonlinear,0.5108333333333333,0.08836255154913676,0.008836255154913677,0.4933002860670975,0.528366380599569,100,0.5870000000000001,0.10603506185896412,0.010603506185896412,0.5659603432805173,0.6080396567194829,100,1.233807683053829,0.10431676480536502,0.010431676480536502,1.213108973748494,1.254506392359164,100
elastic_net,nonlinear_panel,0.5058333333333334,0.11314737665538477,0.011314737665538477,0.48338243905549816,0.5282842276111686,100,0.5930000000000001,0.13577685198646172,0.013577685198646171,0.5660589268665979,0.6199410731334023,100,1.2099479237912731,0.10470571605601348,0.010470571605601348,1.1891720381194535,1.2307238094630928,100
ep_dispersion,linear_dense,0.35416666666666663,0.10944136795142724,0.010944136795142724,0.3324511249181145,0.37588220841521874,100,0.5166666666666666,0.08755309436114178,0.008755309436114179,0.4992942332678249,0.5340391000655083,100,1.152390936685543,0.05615998174241223,0.005615998174241223,1.1412475779085718,1.163534295462514,100
ep_dispersion,linear_medium,0.47916666666666674,0.11627821333174541,0.011627821333174542,0.4560945464682675,0.502238786865066,100,0.6249999999999999,0.13953385599809448,0.013953385599809447,0.5973134557619209,0.6526865442380789,100,1.135352389995718,0.05625904499944958,0.005625904499944958,1.1241893749193583,1.1465154050720778,100
ep_dispersion,linear_sparse,0.6091666666666667,0.04220194888080194,0.0042201948880801945,0.6007928844310677,0.6175404489022658,100,0.938,0.10128467731392471,0.010128467731392471,0.9179029226345623,0.9580970773654376,100,0.6543003731213765,0.04493040677781413,0.004493040677781413,0.6453852056447045,0.6632155405980484,100
ep_dispersion,linear_weak,0.53,0.1157612776392581,0.01157612776392581,0.5070304510579882,0.5529695489420119,100,0.564,0.13891353316710972,0.013891353316710972,0.5364365412695856,0.5915634587304143,100,1.9356663867709911,0.07122170768894841,0.007122170768894841,1.9215344547998103,1.949798318742172,100
ep_dispersion,nonlinear,0.5241666666666667,0.09423253112082147,0.009423253112082147,0.5054688881033164,0.542864445230017,100,0.571,0.11307903734498578,0.011307903734498578,0.5485626657239795,0.5934373342760204,100,1.2189350128830514,0.1081391697457772,0.01081391697457772,1.1974778555098868,1.240392170256216,100
ep_dispersion,nonlinear_panel,0.5474999999999999,0.10068159966838287,0.010068159966838287,0.5275225863232983,0.5674774136767015,100,0.5429999999999999,0.12081791960205941,0.01208179196020594,0.519027103587958,0.5669728964120418,100,1.1988118397004808,0.10364532284763676,0.010364532284763677,1.1782463590465937,1.2193773203543679,100
ep_refresh,linear_dense,0.37583333333333324,0.11015688740552348,0.011015688740552348,0.35397581700178593,0.39769084966488055,100,0.4993333333333333,0.08812550992441877,0.008812550992441878,0.48184732026809546,0.5168193463985711,100,1.1533664298808741,0.05832883511200924,0.005832883511200924,1.1417927235417737,1.1649401362199745,100
ep_refresh,linear_medium,0.4966666666666667,0.11106059457696506,0.011106059457696505,0.47462983522624197,0.5187034981070915,100,0.604,0.13327271349235809,0.013327271349235809,0.5775558022714903,0.6304441977285097,100,1.1437464149064513,0.05516026305020522,0.005516026305020522,1.132801422007062,1.1546914078058408,100
ep_refresh,linear_sparse,0.6166666666666667,0.045873490213598336,0.004587349021359833,0.6075643709759978,0.6257689623573356,100,0.92,0.11009637651263603,0.011009637651263603,0.8981544903423946,0.9418455096576055,100,0.6576768556960312,0.044705098781808006,0.004470509878180801,0.6488063942138578,0.6665473171782046,100
ep_refresh,linear_weak,0.5516666666666667,0.1064554938277283,0.01064554938277283,0.5305435871232461,0.5727897462100874,100,0.5379999999999999,0.12774659259327398,0.012774659259327397,0.5126523045478951,0.5633476954521047,100,1.9404504479582931,0.07338712438761415,0.007338712438761415,1.925888850335055,1.9550120455815312,100
ep_refresh,nonlinear,0.5391666666666667,0.09509210491680377,0.009509210491680378,0.5202983300136103,0.5580350033197231,100,0.5529999999999999,0.11411052590016453,0.011411052590016454,0.5303579960163323,0.5756420039836676,100,1.224275308073205,0.10844452777009814,0.010844452777009813,1.2027575610432266,1.2457930551031833,100
ep_refresh,nonlinear_panel,0.5416666666666667,0.09803055022111955,0.009803055022111954,0.5222152787152199,0.5611180546181136,100,0.55,0.11763666026534345,0.011763666026534345,0.5266583344582638,0.5733416655417363,100,1.1989427959119099,0.1006179583078684,0.01006179583078684,1.1789780100618432,1.2189075817619766,100
ep_regression,linear_dense,0.008333333333333333,0.0251259453814803,0.00251259453814803,0.0033478006584718827,0.013318866008194784,100,0.7933333333333331,0.02010075630518427,0.002010075630518427,0.789344907193444,0.7973217594732223,100,1.092694452904821,0.046675234159936636,0.004667523415993664,1.0834330738212428,1.1019558319883993,100
ep_regression,linear_medium,0.16750000000000007,0.008333333333333335,0.0008333333333333335,0.16584648587374282,0.16915351412625731,100,0.9990000000000001,0.009999999999999995,0.0009999999999999996,0.9970157830484915,1.0009842169515089,100,1.071536689297628,0.03972583391949589,0.003972583391949589,1.0636542219900398,1.079419156605216,100
ep_regression,linear_sparse,0.5833333333333334,0.0,0.0,0.5833333333333334,0.5833333333333334,100,1.0,0.0,0.0,1.0,1.0,100,0.6362907893472332,0.03267784365537402,0.0032677843655374017,0.6298067962152588,0.6427747824792075,100
ep_regression,linear_weak,0.19500000000000003,0.05055805299636636,0.005055805299636636,0.18496818542093357,0.2050318145790665,100,0.9660000000000001,0.06066966359563962,0.006066966359563962,0.9539618225051203,0.9780381774948799,100,1.8829886049638278,0.06710377381063905,0.006710377381063904,1.8696737604133005,1.8963034495143551,100
ep_regression,nonlinear,0.3858333333333334,0.09300371690435116,0.009300371690435117,0.3673793781698406,0.4042872884968262,100,0.7369999999999999,0.11160446028522142,0.011160446028522142,0.7148552538038084,0.7591447461961913,100,1.1975638335060532,0.10507712773814859,0.010507712773814858,1.1767142516986655,1.218413415313441,100
ep_regression,nonlinear_panel,0.3816666666666666,0.10405633887973857,0.010405633887973857,0.3610196315149557,0.4023137018183775,100,0.7420000000000002,0.12486760665568632,0.012486760665568631,0.7172235578179471,0.7667764421820533,100,1.1686404522756957,0.10028260160890064,0.010028260160890064,1.1487422084703185,1.1885386960810729,100
random_k_search,linear_dense,0.36249999999999993,0.0780074171269873,0.007800741712698731,0.34702163605932224,0.37797836394067763,100,0.5100000000000001,0.062405933701589845,0.006240593370158984,0.497617308847458,0.5223826911525423,100,1.1457694602553834,0.052551929221941296,0.00525519292219413,1.1353420173757174,1.1561969031350494,100
random_k_search,linear_medium,0.4633333333333334,0.08729633986590898,0.008729633986590898,0.4460118455966734,0.48065482106999335,100,0.6439999999999999,0.10475560783909076,0.010475560783909075,0.6232142147160079,0.6647857852839919,100,1.131783746789867,0.046092956394550084,0.004609295639455008,1.1226379042475454,1.1409295893321887,100
random_k_search,linear_sparse,0.6350000000000001,0.043968410249720924,0.004396841024972092,0.6262757135051616,0.6437242864948386,100,0.8759999999999999,0.10552418459933027,0.010552418459933027,0.8550617124123876,0.8969382875876122,100,0.6709110684760299,0.05142445578329557,0.005142445578329557,0.6607073407872975,0.6811147961647622,100
random_k_search,linear_weak,0.5141666666666667,0.0902476639751644,0.00902476639751644,0.4962595721973086,0.5320737611360248,100,0.583,0.10829719677019727,0.010829719677019727,0.5615114866367703,0.6044885133632296,100,1.9254832896232883,0.06989706915736248,0.006989706915736247,1.911614194675007,1.9393523845715697,100
random_k_search,nonlinear,0.4875,0.07800741712698732,0.0078007417126987316,0.4720216360593223,0.5029783639406777,100,0.615,0.09360890055238479,0.009360890055238479,0.5964259632711868,0.6335740367288132,100,1.20937389096349,0.10888489699955549,0.01088848969995555,1.1877687651245104,1.2309790168024695,100
random_k_search,nonlinear_panel,0.48416666666666663,0.08265294634701703,0.008265294634701704,0.46776652894327775,0.5005668043900555,100,0.619,0.09918353561642042,0.009918353561642041,0.5993198347319333,0.6386801652680667,100,1.1807810209405343,0.1006602196618437,0.01006602196618437,1.1608078495209724,1.2007541923600962,100
shadow_trees,linear_dense,0.20333333333333337,0.08318168018976245,0.008318168018976245,0.1868282833445833,0.21983838332208344,100,0.6373333333333333,0.06654534415180996,0.006654534415180996,0.6241292933423332,0.6505373733243334,100,1.1176971908379398,0.04993305935461641,0.00499330593546164,1.107789388556728,1.1276049931191516,100
shadow_trees,linear_medium,0.3291666666666667,0.06309342297297468,0.006309342297297469,0.31664756272749833,0.3416857706058351,100,0.8050000000000002,0.07571210756756964,0.0075712107567569645,0.7899770752729981,0.8200229247270022,100,1.0955787663075855,0.04198064015487543,0.004198064015487543,1.0872488965245366,1.1039086360906345,100
shadow_trees,linear_sparse,0.5875,0.01825357612979918,0.0018253576129799178,0.5838780944817599,0.5911219055182402,100,0.99,0.04380858271151806,0.0043808582711518055,0.9813074267562235,0.9986925732437765,100,0.639888136617715,0.03536460466131154,0.003536460466131154,0.6328710318124773,0.6469052414229528,100
shadow_trees,linear_weak,0.35833333333333334,0.07721659015869017,0.0077216590158690175,0.34301188662027615,0.3736547800463905,100,0.7700000000000001,0.09265990819042824,0.009265990819042825,0.7516142639443315,0.7883857360556688,100,1.9023434801794794,0.06888078527638829,0.006888078527638829,1.8886760380016154,1.9160109223573434,100
shadow_trees,nonlinear,0.26416666666666666,0.06809805928961811,0.006809805928961811,0.2506545343059363,0.277678799027397,100,0.8830000000000002,0.08171767114754175,0.008171767114754175,0.8667854411671237,0.8992145588328767,100,1.1721474305803488,0.10406024251522067,0.010406024251522067,1.1514996208626682,1.1927952402980293,100
shadow_trees,nonlinear_panel,0.27416666666666667,0.075186823056914,0.0075186823056914,0.2592479697827054,0.2890853635506279,100,0.8710000000000002,0.0902241876682968,0.00902241876682968,0.8530975637392467,0.8889024362607537,100,1.1436960700569094,0.09844258179263236,0.009844258179263236,1.1241629261025874,1.1632292140112315,100
stability_selection,linear_dense,0.0,0.0,0.0,0.0,0.0,100,0.7999999999999998,2.2316322462394835e-16,2.2316322462394835e-17,0.7999999999999998,0.7999999999999998,100,1.1018688587355077,0.05018618571168494,0.005018618571168494,1.0919108306934389,1.1118268867775765,100
stability_selection,linear_medium,0.16750000000000007,0.008333333333333335,0.0008333333333333335,0.16584648587374282,0.16915351412625731,100,0.9990000000000001,0.009999999999999995,0.0009999999999999996,0.9970157830484915,1.0009842169515089,100,1.0715059509358866,0.03886052057766136,0.0038860520577661357,1.0637951805684218,1.0792167213033514,100
stability_selection,linear_sparse,0.5833333333333334,0.0,0.0,0.5833333333333334,0.5833333333333334,100,1.0,0.0,0.0,1.0,1.0,100,0.6355727685671408,0.031798532500184044,0.0031798532500184043,0.6292632498451444,0.6418822872891373,100
stability_selection,linear_weak,0.20833333333333337,0.06647700293478881,0.006647700293478881,0.19514285372246332,0.22152381294420342,100,0.9500000000000002,0.07977240352174655,0.007977240352174656,0.9341714244669561,0.9658285755330442,100,1.8851470339011174,0.06833904789655065,0.006833904789655065,1.8715870841724873,1.8987069836297474,100
stability_selection,nonlinear,0.5325,0.10386403851223881,0.010386403851223882,0.5118911214131865,0.5531088785868135,100,0.5609999999999999,0.1246368462146866,0.01246368462146866,0.5362693456958237,0.5857306543041761,100,1.2366144497100047,0.10636960458871422,0.010636960458871423,1.2155084124549844,1.257720486965025,100
stability_selection,nonlinear_panel,0.5383333333333333,0.11137594700503442,0.011137594700503442,0.5162339291295611,0.5604327375371055,100,0.5540000000000002,0.13365113640604132,0.013365113640604132,0.5274807149554736,0.5805192850445268,100,1.2094603169721223,0.10287337643382662,0.010287337643382662,1.189048007234229,1.2298726267100155,100
tabm,linear_dense,0.0016666666666666666,0.011725441178024142,0.0011725441178024143,-0.0006599152482686778,0.003993248581602011,100,0.7986666666666664,0.009380352942419326,0.0009380352942419326,0.7968054011347181,0.8005279321986147,100,1.0958645111301037,0.04826664484833162,0.004826664484833162,1.0862873616400528,1.1054416606201547,100
tabm,linear_medium,0.16916666666666672,0.018558458612801133,0.0018558458612801133,0.1654842658493275,0.17284906748400594,100,0.997,0.022270150335361366,0.0022270150335361367,0.9925811190191929,1.0014188809808071,100,1.0721193587724736,0.03891550486753758,0.003891550486753758,1.0643976783290048,1.0798410392159423,100
tabm,linear_sparse,0.5833333333333334,0.0,0.0,0.5833333333333334,0.5833333333333334,100,1.0,0.0,0.0,1.0,1.0,100,0.6364047448509723,0.03183362382927064,0.0031833623829270637,0.6300882632479734,0.6427212264539712,100
tabm,linear_weak,0.2275,0.06362483862287398,0.006362483862287398,0.21487545166674893,0.2401245483332511,100,0.927,0.07634980634744877,0.007634980634744877,0.9118505420000987,0.9421494579999014,100,1.8848428884981603,0.06845781731212167,0.006845781731212167,1.8712593723407607,1.89842640465556,100
tabm,nonlinear,0.2975,0.0814216760931797,0.00814216760931797,0.28134417300756637,0.3136558269924336,100,0.8430000000000001,0.09770601131181565,0.009770601131181566,0.8236130076090797,0.8623869923909204,100,1.1751595492425715,0.10498682500176802,0.010498682500176802,1.1543278854572132,1.1959912130279298,100
tabm,nonlinear_panel,0.3141666666666666,0.0810763381945638,0.008107633819456379,0.29807936220547615,0.33025397112785704,100,0.8229999999999998,0.09729160583347655,0.009729160583347655,0.8036952346465713,0.8423047653534284,100,1.1465950464574828,0.09797497607105646,0.009797497607105646,1.127154685623098,1.1660354072918675,100
tabm_budget_gate,linear_dense,0.016666666666666666,0.035533452725935076,0.0035533452725935075,0.009616058742223387,0.023717274591109946,100,0.7866666666666666,0.02842676218074809,0.0028426762180748092,0.781026180327112,0.7923071530062212,100,1.0928620056687957,0.04539561187626869,0.004539561187626869,1.0838545314078956,1.1018694799296957,100
tabm_budget_gate,linear_medium,0.19833333333333333,0.04553584200216616,0.004553584200216616,0.1892980343731414,0.20736863229352526,100,0.9620000000000002,0.05464301040259939,0.005464301040259939,0.9511576412477699,0.9728423587522305,100,1.0756393787979954,0.039929603024903663,0.003992960302490366,1.0677164792790927,1.083562278316898,100
tabm_budget_gate,linear_sparse,0.5833333333333334,0.0,0.0,0.5833333333333334,0.5833333333333334,100,1.0,0.0,0.0,1.0,1.0,100,0.6379803902147025,0.03322115739841342,0.0033221157398413423,0.6313885918488356,0.6445721885805695,100
tabm_budget_gate,linear_weak,0.24,0.06624445427098825,0.0066244454270988256,0.22685566308920632,0.25314433691079363,100,0.9120000000000001,0.07949334512518592,0.007949334512518592,0.8962267957070478,0.9277732042929525,100,1.8881489618891425,0.06844095297331655,0.0068440952973316555,1.874568791982436,1.901729131795849,100
tabm_budget_gate,nonlinear,0.315,0.07996562112037416,0.007996562112037416,0.2991330859035033,0.3308669140964967,100,0.8220000000000002,0.095958745344449,0.009595874534444899,0.8029597030842042,0.8410402969157962,100,1.1766912411648558,0.10491868893288396,0.010491868893288396,1.1558730970537863,1.1975093852759253,100
tabm_budget_gate,nonlinear_panel,0.3225,0.08594803718176716,0.008594803718176716,0.3054460447675039,0.3395539552324961,100,0.813,0.10313764461812061,0.01031376446181206,0.7925352537210046,0.8334647462789952,100,1.154645084221036,0.098655957204691,0.0098655957204691,1.1350696019557498,1.1742205664863223,100
vtfs,linear_dense,0.39416666666666655,0.11227608968188038,0.011227608968188038,0.37188865462707693,0.4164446787062562,100,0.4846666666666667,0.0898208717455043,0.00898208717455043,0.466844257034995,0.5024890762983384,100,1.1634711640817792,0.06512346588456047,0.006512346588456047,1.150549255586865,1.1763930725766933,100
vtfs,linear_medium,0.5325,0.11167470698225945,0.011167470698225945,0.5103413153351035,0.5546586846648964,100,0.561,0.13400964837871138,0.013400964837871138,0.5344095784021243,0.5875904215978758,100,1.1557060939208605,0.059557336838771076,0.005955733683877107,1.1438886261866403,1.1675235616550808,100
vtfs,linear_sparse,0.6766666666666667,0.07231928209967171,0.007231928209967172,0.662316952120356,0.6910163812129775,100,0.7759999999999999,0.1735662770392121,0.01735662770392121,0.7415606850888542,0.8104393149111456,100,0.7119915608011289,0.0709506266849321,0.00709506266849321,0.6979134171822883,0.7260697044199695,100
vtfs,linear_weak,0.54,0.09729795030501824,0.009729795030501824,0.5206939757657734,0.5593060242342267,100,0.552,0.1167575403660219,0.01167575403660219,0.528832770918928,0.5751672290810721,100,1.933919692696329,0.07231293875678436,0.007231293875678437,1.919571236806867,1.948268148585791,100
vtfs,nonlinear,0.5125,0.08653366510444666,0.008653366510444665,0.4953298434823581,0.5296701565176418,100,0.585,0.10384039812533598,0.010384039812533597,0.5643958121788297,0.6056041878211702,100,1.2234158524471253,0.11320034080893979,0.011320034080893979,1.2009544489321593,1.2458772559620912,100
vtfs,nonlinear_panel,0.5275,0.09771161099152405,0.009771161099152405,0.5081118965111395,0.5468881034888604,100,0.5670000000000001,0.11725393318982882,0.011725393318982882,0.5437342758133675,0.5902657241866326,100,1.196997340930396,0.10600738329008993,0.010600738329008994,1.1759631762394684,1.2180315056213236,100
vtfs_cardinality,linear_dense,0.31500000000000006,0.09065480710711035,0.009065480710711036,0.29701211950023226,0.33298788049976785,100,0.548,0.07252384568568827,0.007252384568568827,0.5336096956001858,0.5623903043998143,100,1.1337805239102159,0.05097176756877575,0.005097176756877575,1.1236666193843834,1.1438944284360484,100
vtfs_cardinality,linear_medium,0.4308333333333333,0.0933049199174839,0.00933049199174839,0.4123196129573901,0.44934705370927647,100,0.6829999999999999,0.11196590390098067,0.011196590390098068,0.6607835355488682,0.7052164644511317,100,1.12100751971243,0.04925739555689234,0.004925739555689234,1.1112337837873147,1.1307812556375454,100
vtfs_cardinality,linear_sparse,0.6083333333333334,0.038380515539319836,0.0038380515539319835,0.6007178063792573,0.6159488602874095,100,0.94,0.09211323729436766,0.009211323729436765,0.9217227353102173,0.9582772646897826,100,0.6514422737614326,0.0419903677617713,0.00419903677617713,0.6431104738101335,0.6597740737127317,100
vtfs_cardinality,linear_weak,0.49166666666666664,0.0921284663987611,0.00921284663987611,0.47338638019217466,0.5099469531411587,100,0.61,0.11055415967851333,0.011055415967851333,0.5880636562306096,0.6319363437693903,100,1.9232277287594297,0.07180107880336639,0.007180107880336639,1.9089808369896046,1.9374746205292548,100
vtfs_cardinality,nonlinear,0.4591666666666667,0.08162817755832054,0.008162817755832054,0.4429698653034687,0.47536346802986473,100,0.6489999999999999,0.09795381306998466,0.009795381306998465,0.6295638383641623,0.6684361616358375,100,1.2006383338537834,0.10574275718333077,0.010574275718333078,1.1796566767235401,1.2216199909840266,100
vtfs_cardinality,nonlinear_panel,0.45083333333333336,0.08041611058582009,0.008041611058582008,0.43487703235345526,0.46678963431321147,100,0.6589999999999999,0.0964993327029841,0.00964993327029841,0.6398524388241462,0.6781475611758536,100,1.1727617428253125,0.09976583759157301,0.0099765837591573,1.1529660362122465,1.1925574494383786,100
vtfs_pairrank,linear_dense,0.3158333333333333,0.08886915816371432,0.008886915816371433,0.2981997643238585,0.3334669023428081,100,0.5473333333333332,0.07109532653097145,0.007109532653097145,0.5332264781257534,0.561440188540913,100,1.135375613184146,0.05151782213026019,0.005151782213026019,1.1251533595865788,1.145597866781713,100
vtfs_pairrank,linear_medium,0.4166666666666666,0.08784104611578833,0.008784104611578834,0.39923709739254626,0.4340962359407869,100,0.7,0.10540925533894599,0.010540925533894598,0.6790845168710555,0.7209154831289444,100,1.1163010476841706,0.046414536305860864,0.004641453630586086,1.10709139671072,1.125510698657621,100
vtfs_pairrank,linear_sparse,0.6033333333333333,0.03576955799924395,0.003576955799924395,0.596235877000326,0.6104307896663406,100,0.9520000000000001,0.08584693919818555,0.008584693919818556,0.9349661048007826,0.9690338951992176,100,0.6482874584396014,0.0430890697097062,0.004308906970970619,0.6397376521853276,0.6568372646938753,100
vtfs_pairrank,linear_weak,0.4850000000000001,0.09722582965890264,0.009722582965890264,0.46570828606663106,0.5042917139333691,100,0.6179999999999999,0.11667099559068318,0.011667099559068318,0.594849943279957,0.6411500567200428,100,1.9208528940351832,0.07400813374918885,0.007400813374918885,1.906168074681717,1.9355377133886495,100
vtfs_pairrank,nonlinear,0.4483333333333333,0.08356869120904561,0.008356869120904562,0.431751491962095,0.4649151747045716,100,0.662,0.10028242945085475,0.010028242945085475,0.6421017903545141,0.681898209645486,100,1.1978534612299574,0.10680741973838778,0.010680741973838778,1.1766605519507762,1.2190463705091386,100
vtfs_pairrank,nonlinear_panel,0.44916666666666655,0.0836651642453001,0.00836651642453001,0.4325656829520383,0.4657676503812948,100,0.661,0.10039819709436011,0.010039819709436012,0.6410788195424462,0.6809211804575539,100,1.1712575176944937,0.10130710474088743,0.010130710474088743,1.1511559902409803,1.1913590451480072,100
xgboost_shap,linear_dense,0.0225,0.04246705992238194,0.004246705992238194,0.014073613982127474,0.030926386017872523,100,0.7819999999999999,0.03397364793790559,0.003397364793790559,0.7752588911857019,0.7887411088142979,100,1.096225995997901,0.045260701314376484,0.004526070131437648,1.0872452909193853,1.1052067010764168,100
xgboost_shap,linear_medium,0.17416666666666672,0.023968624272055115,0.0023968624272055115,0.1694107716081713,0.17892256172516213,100,0.991,0.028762349126466125,0.0028762349126466124,0.9852929259298054,0.9967070740701945,100,1.0740350959627918,0.04067284510128196,0.004067284510128196,1.0659647210911867,1.082105470834397,100
xgboost_shap,linear_sparse,0.5833333333333334,0.0,0.0,0.5833333333333334,0.5833333333333334,100,1.0,0.0,0.0,1.0,1.0,100,0.6385990099310287,0.03184986677290204,0.003184986677290204,0.6322793053756202,0.6449187144864372,100
xgboost_shap,linear_weak,0.22083333333333335,0.058477455438936427,0.0058477455438936425,0.20923013749703023,0.23243652916963647,100,0.9350000000000002,0.07017294652672369,0.00701729465267237,0.9210761649964364,0.9489238350035639,100,1.8873007131671669,0.06817923332140674,0.006817923332140674,1.8737724741174469,1.9008289522168869,100
xgboost_shap,nonlinear,0.19666666666666668,0.04814167270623223,0.004814167270623223,0.1871143143608978,0.20621901897243558,100,0.9640000000000002,0.057770007247478654,0.005777000724747865,0.9525371772330775,0.9754628227669229,100,1.1717399921116545,0.10522012334580798,0.010522012334580798,1.1508620368733957,1.1926179473499132,100
xgboost_shap,nonlinear_panel,0.19166666666666668,0.04187657563580051,0.004187657563580051,0.1833574455418976,0.19997588779143577,100,0.9700000000000002,0.05025189076296059,0.005025189076296059,0.9600289346502773,0.9799710653497231,100,1.1417633747093625,0.0974086388481699,0.00974086388481699,1.1224353874667699,1.1610913619519552,100
