outer_repetition,seed,method,seller_fraction,selected_sellers,selected_rows,matched_budget,native_count,overlap,jaccard,exact_match,selected_features,selected_labels
1,20260908,去随机化Knockoff,0.7,1573,7833,12,14,11,0.8461538461538461,False,avg_price|avg_freight|avg_product_name_length|avg_ship_days|avg_estimate_gap_days|item_count|order_count|category_count|unique_customer_count|buyer_state_diversity|dominant_customer_state_share|seller_state_frequency,平均商品价格、平均运费、平均商品标题长度、平均审核至承运天数、平均预计提前送达天数、成交件数、成交订单数、活跃品类数、独立顾客数、买家州数量、第一大买家州占比、卖家所在州频率
1,20260908,Elastic Net,0.7,1573,7833,12,18,11,0.8461538461538461,False,avg_price|avg_freight|avg_product_height_cm|avg_product_name_length|avg_product_description_length|avg_ship_days|avg_estimate_gap_days|item_count|order_count|category_count|unique_customer_count|dominant_customer_state_share,平均商品价格、平均运费、平均商品高度、平均商品标题长度、平均商品描述长度、平均审核至承运天数、平均预计提前送达天数、成交件数、成交订单数、活跃品类数、独立顾客数、第一大买家州占比
1,20260908,稳定性选择,0.7,1573,7833,12,11,11,0.8461538461538461,False,avg_price|avg_freight|avg_product_height_cm|avg_product_name_length|avg_product_description_length|avg_ship_days|avg_estimate_gap_days|category_count|unique_customer_count|dominant_customer_state_share|avg_distance_km|seller_state_frequency,平均商品价格、平均运费、平均商品高度、平均商品标题长度、平均商品描述长度、平均审核至承运天数、平均预计提前送达天数、活跃品类数、独立顾客数、第一大买家州占比、平均卖家-买家距离、卖家所在州频率
1,20260908,影子变量树模型,0.7,1573,7833,12,8,10,0.7142857142857143,False,avg_price|avg_product_weight_g|avg_product_width_cm|avg_product_photos_qty|avg_payment_installments|avg_ship_days|item_count|order_count|unique_customer_count|buyer_state_diversity|dominant_customer_state_share|seller_state_frequency,平均商品价格、平均商品重量、平均商品宽度、平均商品图片数、平均支付分期期数、平均审核至承运天数、成交件数、成交订单数、独立顾客数、买家州数量、第一大买家州占比、卖家所在州频率
1,20260908,XGBoost-SHAP,0.7,1573,7833,12,12,10,0.7142857142857143,False,avg_price|avg_freight|avg_product_height_cm|avg_payment_installments|avg_delivery_days|avg_approval_days|avg_ship_days|avg_estimate_gap_days|order_count|unique_customer_count|buyer_state_diversity|interstate_ratio,平均商品价格、平均运费、平均商品高度、平均支付分期期数、平均下单至送达天数、平均下单至审核天数、平均审核至承运天数、平均预计提前送达天数、成交订单数、独立顾客数、买家州数量、跨州交易占比
2,20270908,去随机化Knockoff,0.7,1573,7744,12,11,11,0.8461538461538461,False,avg_price|avg_product_name_length|avg_product_description_length|avg_ship_days|avg_estimate_gap_days|item_count|order_count|category_count|unique_customer_count|buyer_state_diversity|interstate_ratio|seller_state_frequency,平均商品价格、平均商品标题长度、平均商品描述长度、平均审核至承运天数、平均预计提前送达天数、成交件数、成交订单数、活跃品类数、独立顾客数、买家州数量、跨州交易占比、卖家所在州频率
2,20270908,Elastic Net,0.7,1573,7744,12,20,11,0.8461538461538461,False,avg_price|avg_freight|avg_product_name_length|avg_product_description_length|avg_ship_days|avg_estimate_gap_days|item_count|order_count|category_count|unique_customer_count|dominant_customer_state_share|seller_state_frequency,平均商品价格、平均运费、平均商品标题长度、平均商品描述长度、平均审核至承运天数、平均预计提前送达天数、成交件数、成交订单数、活跃品类数、独立顾客数、第一大买家州占比、卖家所在州频率
2,20270908,稳定性选择,0.7,1573,7744,12,12,11,0.8461538461538461,False,avg_price|avg_freight|avg_product_height_cm|avg_product_name_length|avg_product_description_length|avg_review_score|avg_ship_days|avg_estimate_gap_days|category_count|unique_customer_count|dominant_customer_state_share|seller_state_frequency,平均商品价格、平均运费、平均商品高度、平均商品标题长度、平均商品描述长度、平均评价得分、平均审核至承运天数、平均预计提前送达天数、活跃品类数、独立顾客数、第一大买家州占比、卖家所在州频率
2,20270908,影子变量树模型,0.7,1573,7744,12,8,11,0.8461538461538461,False,avg_price|avg_product_width_cm|avg_product_photos_qty|avg_product_description_length|avg_payment_installments|avg_ship_days|item_count|order_count|unique_customer_count|buyer_state_diversity|dominant_customer_state_share|seller_state_frequency,平均商品价格、平均商品宽度、平均商品图片数、平均商品描述长度、平均支付分期期数、平均审核至承运天数、成交件数、成交订单数、独立顾客数、买家州数量、第一大买家州占比、卖家所在州频率
2,20270908,XGBoost-SHAP,0.7,1573,7744,12,12,10,0.7142857142857143,False,avg_price|avg_freight|avg_product_name_length|avg_product_description_length|avg_delivery_days|avg_approval_days|avg_ship_days|avg_estimate_gap_days|item_count|order_count|unique_customer_count|buyer_state_diversity,平均商品价格、平均运费、平均商品标题长度、平均商品描述长度、平均下单至送达天数、平均下单至审核天数、平均审核至承运天数、平均预计提前送达天数、成交件数、成交订单数、独立顾客数、买家州数量
3,20280908,去随机化Knockoff,0.7,1573,7729,12,10,11,0.8461538461538461,False,avg_price|avg_freight|avg_product_name_length|avg_product_description_length|avg_ship_days|avg_estimate_gap_days|item_count|order_count|category_count|unique_customer_count|buyer_state_diversity|seller_state_frequency,平均商品价格、平均运费、平均商品标题长度、平均商品描述长度、平均审核至承运天数、平均预计提前送达天数、成交件数、成交订单数、活跃品类数、独立顾客数、买家州数量、卖家所在州频率
3,20280908,Elastic Net,0.7,1573,7729,12,17,11,0.8461538461538461,False,avg_price|avg_freight|avg_product_name_length|avg_product_description_length|avg_ship_days|avg_estimate_gap_days|item_count|order_count|category_count|unique_customer_count|dominant_customer_state_share|seller_state_frequency,平均商品价格、平均运费、平均商品标题长度、平均商品描述长度、平均审核至承运天数、平均预计提前送达天数、成交件数、成交订单数、活跃品类数、独立顾客数、第一大买家州占比、卖家所在州频率
3,20280908,稳定性选择,0.7,1573,7729,12,10,10,0.7142857142857143,False,avg_price|avg_freight|avg_product_name_length|avg_product_description_length|avg_payment_installments|avg_review_score|avg_ship_days|avg_estimate_gap_days|order_count|category_count|dominant_customer_state_share|seller_state_frequency,平均商品价格、平均运费、平均商品标题长度、平均商品描述长度、平均支付分期期数、平均评价得分、平均审核至承运天数、平均预计提前送达天数、成交订单数、活跃品类数、第一大买家州占比、卖家所在州频率
3,20280908,影子变量树模型,0.7,1573,7729,12,8,11,0.8461538461538461,False,avg_price|avg_product_weight_g|avg_product_photos_qty|avg_product_name_length|avg_payment_installments|avg_ship_days|item_count|order_count|unique_customer_count|buyer_state_diversity|dominant_customer_state_share|seller_state_frequency,平均商品价格、平均商品重量、平均商品图片数、平均商品标题长度、平均支付分期期数、平均审核至承运天数、成交件数、成交订单数、独立顾客数、买家州数量、第一大买家州占比、卖家所在州频率
3,20280908,XGBoost-SHAP,0.7,1573,7729,12,12,9,0.6,False,avg_price|avg_product_weight_g|avg_product_name_length|avg_product_description_length|avg_payment_installments|avg_delivery_days|avg_ship_days|avg_estimate_gap_days|item_count|order_count|unique_customer_count|buyer_state_diversity,平均商品价格、平均商品重量、平均商品标题长度、平均商品描述长度、平均支付分期期数、平均下单至送达天数、平均审核至承运天数、平均预计提前送达天数、成交件数、成交订单数、独立顾客数、买家州数量
4,20290908,去随机化Knockoff,0.7,1573,8070,12,10,11,0.8461538461538461,False,avg_price|avg_product_name_length|avg_ship_days|avg_estimate_gap_days|item_count|order_count|category_count|unique_customer_count|buyer_state_diversity|dominant_customer_state_share|seller_state_frequency|marketing_origin_frequency,平均商品价格、平均商品标题长度、平均审核至承运天数、平均预计提前送达天数、成交件数、成交订单数、活跃品类数、独立顾客数、买家州数量、第一大买家州占比、卖家所在州频率、营销来源频率
4,20290908,Elastic Net,0.7,1573,8070,12,15,12,1.0,True,avg_price|avg_freight|avg_product_height_cm|avg_product_name_length|avg_ship_days|avg_estimate_gap_days|item_count|order_count|category_count|unique_customer_count|dominant_customer_state_share|seller_state_frequency,平均商品价格、平均运费、平均商品高度、平均商品标题长度、平均审核至承运天数、平均预计提前送达天数、成交件数、成交订单数、活跃品类数、独立顾客数、第一大买家州占比、卖家所在州频率
4,20290908,稳定性选择,0.7,1573,8070,12,12,11,0.8461538461538461,False,avg_price|avg_freight|avg_product_height_cm|avg_product_name_length|avg_product_description_length|avg_review_score|avg_ship_days|avg_estimate_gap_days|order_count|category_count|dominant_customer_state_share|seller_state_frequency,平均商品价格、平均运费、平均商品高度、平均商品标题长度、平均商品描述长度、平均评价得分、平均审核至承运天数、平均预计提前送达天数、成交订单数、活跃品类数、第一大买家州占比、卖家所在州频率
4,20290908,影子变量树模型,0.7,1573,8070,12,7,12,1.0,True,avg_price|avg_product_photos_qty|avg_product_name_length|avg_product_description_length|avg_payment_installments|avg_ship_days|item_count|order_count|unique_customer_count|buyer_state_diversity|dominant_customer_state_share|seller_state_frequency,平均商品价格、平均商品图片数、平均商品标题长度、平均商品描述长度、平均支付分期期数、平均审核至承运天数、成交件数、成交订单数、独立顾客数、买家州数量、第一大买家州占比、卖家所在州频率
4,20290908,XGBoost-SHAP,0.7,1573,8070,12,12,9,0.6,False,avg_price|avg_product_length_cm|avg_product_height_cm|avg_product_name_length|avg_review_score|avg_delivery_days|avg_ship_days|avg_estimate_gap_days|item_count|order_count|unique_customer_count|buyer_state_diversity,平均商品价格、平均商品长度、平均商品高度、平均商品标题长度、平均评价得分、平均下单至送达天数、平均审核至承运天数、平均预计提前送达天数、成交件数、成交订单数、独立顾客数、买家州数量
5,20300908,去随机化Knockoff,0.7,1573,7981,12,10,10,0.7142857142857143,False,avg_price|avg_product_name_length|avg_payment_sequential|avg_approval_days|avg_ship_days|avg_estimate_gap_days|item_count|order_count|category_count|unique_customer_count|buyer_state_diversity|seller_state_frequency,平均商品价格、平均商品标题长度、平均支付序列数、平均下单至审核天数、平均审核至承运天数、平均预计提前送达天数、成交件数、成交订单数、活跃品类数、独立顾客数、买家州数量、卖家所在州频率
5,20300908,Elastic Net,0.7,1573,7981,12,15,12,1.0,True,avg_price|avg_freight|avg_product_height_cm|avg_product_name_length|avg_ship_days|avg_estimate_gap_days|item_count|order_count|category_count|unique_customer_count|dominant_customer_state_share|seller_state_frequency,平均商品价格、平均运费、平均商品高度、平均商品标题长度、平均审核至承运天数、平均预计提前送达天数、成交件数、成交订单数、活跃品类数、独立顾客数、第一大买家州占比、卖家所在州频率
5,20300908,稳定性选择,0.7,1573,7981,12,10,10,0.7142857142857143,False,avg_price|avg_freight|avg_product_height_cm|avg_product_name_length|avg_review_score|avg_ship_days|avg_estimate_gap_days|item_count|order_count|category_count|dominant_customer_state_share|seller_state_frequency,平均商品价格、平均运费、平均商品高度、平均商品标题长度、平均评价得分、平均审核至承运天数、平均预计提前送达天数、成交件数、成交订单数、活跃品类数、第一大买家州占比、卖家所在州频率
5,20300908,影子变量树模型,0.7,1573,7981,12,8,11,0.8461538461538461,False,avg_price|avg_product_width_cm|avg_product_photos_qty|avg_product_name_length|avg_payment_installments|avg_ship_days|item_count|order_count|unique_customer_count|buyer_state_diversity|dominant_customer_state_share|seller_state_frequency,平均商品价格、平均商品宽度、平均商品图片数、平均商品标题长度、平均支付分期期数、平均审核至承运天数、成交件数、成交订单数、独立顾客数、买家州数量、第一大买家州占比、卖家所在州频率
5,20300908,XGBoost-SHAP,0.7,1573,7981,12,12,9,0.6,False,avg_price|avg_freight|avg_product_name_length|avg_review_score|avg_delivery_days|avg_approval_days|avg_ship_days|avg_estimate_gap_days|item_count|order_count|unique_customer_count|buyer_state_diversity,平均商品价格、平均运费、平均商品标题长度、平均评价得分、平均下单至送达天数、平均下单至审核天数、平均审核至承运天数、平均预计提前送达天数、成交件数、成交订单数、独立顾客数、买家州数量
6,20310908,去随机化Knockoff,0.7,1573,7982,12,11,12,1.0,True,avg_price|avg_product_name_length|avg_product_description_length|avg_ship_days|avg_estimate_gap_days|item_count|order_count|category_count|unique_customer_count|buyer_state_diversity|dominant_customer_state_share|seller_state_frequency,平均商品价格、平均商品标题长度、平均商品描述长度、平均审核至承运天数、平均预计提前送达天数、成交件数、成交订单数、活跃品类数、独立顾客数、买家州数量、第一大买家州占比、卖家所在州频率
6,20310908,Elastic Net,0.7,1573,7982,12,16,11,0.8461538461538461,False,avg_price|avg_freight|avg_product_height_cm|avg_product_name_length|avg_product_description_length|avg_ship_days|avg_estimate_gap_days|item_count|order_count|category_count|unique_customer_count|dominant_customer_state_share,平均商品价格、平均运费、平均商品高度、平均商品标题长度、平均商品描述长度、平均审核至承运天数、平均预计提前送达天数、成交件数、成交订单数、活跃品类数、独立顾客数、第一大买家州占比
6,20310908,稳定性选择,0.7,1573,7982,12,11,12,1.0,True,avg_price|avg_freight|avg_product_height_cm|avg_product_name_length|avg_product_description_length|avg_ship_days|avg_estimate_gap_days|order_count|category_count|unique_customer_count|dominant_customer_state_share|seller_state_frequency,平均商品价格、平均运费、平均商品高度、平均商品标题长度、平均商品描述长度、平均审核至承运天数、平均预计提前送达天数、成交订单数、活跃品类数、独立顾客数、第一大买家州占比、卖家所在州频率
6,20310908,影子变量树模型,0.7,1573,7982,12,7,12,1.0,True,avg_price|avg_product_photos_qty|avg_product_name_length|avg_product_description_length|avg_payment_installments|avg_ship_days|item_count|order_count|unique_customer_count|buyer_state_diversity|dominant_customer_state_share|seller_state_frequency,平均商品价格、平均商品图片数、平均商品标题长度、平均商品描述长度、平均支付分期期数、平均审核至承运天数、成交件数、成交订单数、独立顾客数、买家州数量、第一大买家州占比、卖家所在州频率
6,20310908,XGBoost-SHAP,0.7,1573,7982,12,12,9,0.6,False,avg_price|avg_product_name_length|avg_delivery_days|avg_approval_days|avg_ship_days|avg_estimate_gap_days|item_count|order_count|unique_customer_count|buyer_state_diversity|interstate_ratio|avg_distance_km,平均商品价格、平均商品标题长度、平均下单至送达天数、平均下单至审核天数、平均审核至承运天数、平均预计提前送达天数、成交件数、成交订单数、独立顾客数、买家州数量、跨州交易占比、平均卖家-买家距离
7,20320908,去随机化Knockoff,0.7,1573,7776,12,11,11,0.8461538461538461,False,avg_price|avg_product_width_cm|avg_product_name_length|avg_ship_days|avg_estimate_gap_days|item_count|order_count|category_count|unique_customer_count|buyer_state_diversity|dominant_customer_state_share|seller_state_frequency,平均商品价格、平均商品宽度、平均商品标题长度、平均审核至承运天数、平均预计提前送达天数、成交件数、成交订单数、活跃品类数、独立顾客数、买家州数量、第一大买家州占比、卖家所在州频率
7,20320908,Elastic Net,0.7,1573,7776,12,16,10,0.7142857142857143,False,avg_price|avg_freight|avg_product_name_length|avg_product_description_length|avg_delivery_days|avg_ship_days|avg_estimate_gap_days|item_count|order_count|category_count|unique_customer_count|dominant_customer_state_share,平均商品价格、平均运费、平均商品标题长度、平均商品描述长度、平均下单至送达天数、平均审核至承运天数、平均预计提前送达天数、成交件数、成交订单数、活跃品类数、独立顾客数、第一大买家州占比
7,20320908,稳定性选择,0.7,1573,7776,12,9,10,0.7142857142857143,False,avg_price|avg_freight|avg_product_width_cm|avg_product_name_length|avg_product_description_length|avg_delivery_days|avg_ship_days|avg_estimate_gap_days|order_count|category_count|unique_customer_count|dominant_customer_state_share,平均商品价格、平均运费、平均商品宽度、平均商品标题长度、平均商品描述长度、平均下单至送达天数、平均审核至承运天数、平均预计提前送达天数、成交订单数、活跃品类数、独立顾客数、第一大买家州占比
7,20320908,影子变量树模型,0.7,1573,7776,12,8,10,0.7142857142857143,False,avg_price|avg_product_weight_g|avg_product_width_cm|avg_product_photos_qty|avg_payment_installments|avg_ship_days|item_count|order_count|unique_customer_count|buyer_state_diversity|dominant_customer_state_share|seller_state_frequency,平均商品价格、平均商品重量、平均商品宽度、平均商品图片数、平均支付分期期数、平均审核至承运天数、成交件数、成交订单数、独立顾客数、买家州数量、第一大买家州占比、卖家所在州频率
7,20320908,XGBoost-SHAP,0.7,1573,7776,12,12,9,0.6,False,avg_price|avg_freight|avg_product_name_length|avg_delivery_days|avg_ship_days|avg_estimate_gap_days|item_count|order_count|unique_customer_count|buyer_state_diversity|dominant_customer_state_share|avg_distance_km,平均商品价格、平均运费、平均商品标题长度、平均下单至送达天数、平均审核至承运天数、平均预计提前送达天数、成交件数、成交订单数、独立顾客数、买家州数量、第一大买家州占比、平均卖家-买家距离
8,20330908,去随机化Knockoff,0.7,1573,7917,12,12,11,0.8461538461538461,False,avg_price|avg_product_height_cm|avg_product_name_length|avg_product_description_length|avg_ship_days|avg_estimate_gap_days|item_count|order_count|category_count|unique_customer_count|buyer_state_diversity|seller_state_frequency,平均商品价格、平均商品高度、平均商品标题长度、平均商品描述长度、平均审核至承运天数、平均预计提前送达天数、成交件数、成交订单数、活跃品类数、独立顾客数、买家州数量、卖家所在州频率
8,20330908,Elastic Net,0.7,1573,7917,12,15,12,1.0,True,avg_price|avg_freight|avg_product_height_cm|avg_product_name_length|avg_ship_days|avg_estimate_gap_days|item_count|order_count|category_count|unique_customer_count|dominant_customer_state_share|seller_state_frequency,平均商品价格、平均运费、平均商品高度、平均商品标题长度、平均审核至承运天数、平均预计提前送达天数、成交件数、成交订单数、活跃品类数、独立顾客数、第一大买家州占比、卖家所在州频率
8,20330908,稳定性选择,0.7,1573,7917,12,11,11,0.8461538461538461,False,avg_price|avg_freight|avg_product_height_cm|avg_product_name_length|avg_product_description_length|avg_ship_days|avg_estimate_gap_days|item_count|order_count|category_count|dominant_customer_state_share|seller_state_frequency,平均商品价格、平均运费、平均商品高度、平均商品标题长度、平均商品描述长度、平均审核至承运天数、平均预计提前送达天数、成交件数、成交订单数、活跃品类数、第一大买家州占比、卖家所在州频率
8,20330908,影子变量树模型,0.7,1573,7917,12,7,11,0.8461538461538461,False,avg_price|avg_product_weight_g|avg_product_photos_qty|avg_product_description_length|avg_payment_installments|avg_ship_days|item_count|order_count|unique_customer_count|buyer_state_diversity|dominant_customer_state_share|seller_state_frequency,平均商品价格、平均商品重量、平均商品图片数、平均商品描述长度、平均支付分期期数、平均审核至承运天数、成交件数、成交订单数、独立顾客数、买家州数量、第一大买家州占比、卖家所在州频率
8,20330908,XGBoost-SHAP,0.7,1573,7917,12,12,10,0.7142857142857143,False,avg_price|avg_freight|avg_product_height_cm|avg_product_name_length|avg_product_description_length|avg_delivery_days|avg_approval_days|avg_ship_days|avg_estimate_gap_days|item_count|order_count|unique_customer_count,平均商品价格、平均运费、平均商品高度、平均商品标题长度、平均商品描述长度、平均下单至送达天数、平均下单至审核天数、平均审核至承运天数、平均预计提前送达天数、成交件数、成交订单数、独立顾客数
9,20340908,去随机化Knockoff,0.7,1573,7943,12,11,11,0.8461538461538461,False,avg_price|avg_product_height_cm|avg_product_name_length|avg_ship_days|avg_estimate_gap_days|item_count|order_count|category_count|unique_customer_count|buyer_state_diversity|dominant_customer_state_share|seller_state_frequency,平均商品价格、平均商品高度、平均商品标题长度、平均审核至承运天数、平均预计提前送达天数、成交件数、成交订单数、活跃品类数、独立顾客数、买家州数量、第一大买家州占比、卖家所在州频率
9,20340908,Elastic Net,0.7,1573,7943,12,16,12,1.0,True,avg_price|avg_freight|avg_product_height_cm|avg_product_name_length|avg_ship_days|avg_estimate_gap_days|item_count|order_count|category_count|unique_customer_count|dominant_customer_state_share|seller_state_frequency,平均商品价格、平均运费、平均商品高度、平均商品标题长度、平均审核至承运天数、平均预计提前送达天数、成交件数、成交订单数、活跃品类数、独立顾客数、第一大买家州占比、卖家所在州频率
9,20340908,稳定性选择,0.7,1573,7943,12,11,10,0.7142857142857143,False,avg_price|avg_freight|avg_product_height_cm|avg_product_name_length|debit_card_ratio|avg_ship_days|avg_estimate_gap_days|item_count|order_count|category_count|dominant_customer_state_share|seller_state_frequency,平均商品价格、平均运费、平均商品高度、平均商品标题长度、借记卡支付占比、平均审核至承运天数、平均预计提前送达天数、成交件数、成交订单数、活跃品类数、第一大买家州占比、卖家所在州频率
9,20340908,影子变量树模型,0.7,1573,7943,12,7,10,0.7142857142857143,False,avg_price|avg_product_weight_g|avg_product_width_cm|avg_product_name_length|avg_payment_installments|avg_ship_days|item_count|order_count|unique_customer_count|buyer_state_diversity|dominant_customer_state_share|seller_state_frequency,平均商品价格、平均商品重量、平均商品宽度、平均商品标题长度、平均支付分期期数、平均审核至承运天数、成交件数、成交订单数、独立顾客数、买家州数量、第一大买家州占比、卖家所在州频率
9,20340908,XGBoost-SHAP,0.7,1573,7943,12,12,10,0.7142857142857143,False,avg_price|avg_freight|avg_product_height_cm|avg_product_name_length|avg_delivery_days|avg_ship_days|avg_estimate_gap_days|order_count|unique_customer_count|buyer_state_diversity|avg_distance_km|seller_state_frequency,平均商品价格、平均运费、平均商品高度、平均商品标题长度、平均下单至送达天数、平均审核至承运天数、平均预计提前送达天数、成交订单数、独立顾客数、买家州数量、平均卖家-买家距离、卖家所在州频率
10,20350908,去随机化Knockoff,0.7,1573,7763,12,0,11,0.8461538461538461,False,avg_price|avg_product_name_length|avg_payment_sequential|avg_ship_days|avg_estimate_gap_days|item_count|order_count|category_count|unique_customer_count|buyer_state_diversity|dominant_customer_state_share|seller_state_frequency,平均商品价格、平均商品标题长度、平均支付序列数、平均审核至承运天数、平均预计提前送达天数、成交件数、成交订单数、活跃品类数、独立顾客数、买家州数量、第一大买家州占比、卖家所在州频率
10,20350908,Elastic Net,0.7,1573,7763,12,18,10,0.7142857142857143,False,avg_price|avg_product_weight_g|avg_product_height_cm|avg_product_name_length|avg_product_description_length|avg_ship_days|avg_estimate_gap_days|item_count|order_count|category_count|unique_customer_count|dominant_customer_state_share,平均商品价格、平均商品重量、平均商品高度、平均商品标题长度、平均商品描述长度、平均审核至承运天数、平均预计提前送达天数、成交件数、成交订单数、活跃品类数、独立顾客数、第一大买家州占比
10,20350908,稳定性选择,0.7,1573,7763,12,10,10,0.7142857142857143,False,avg_price|avg_freight|avg_product_height_cm|avg_product_name_length|avg_product_description_length|avg_payment_sequential|avg_ship_days|avg_estimate_gap_days|item_count|order_count|category_count|dominant_customer_state_share,平均商品价格、平均运费、平均商品高度、平均商品标题长度、平均商品描述长度、平均支付序列数、平均审核至承运天数、平均预计提前送达天数、成交件数、成交订单数、活跃品类数、第一大买家州占比
10,20350908,影子变量树模型,0.7,1573,7763,12,8,10,0.7142857142857143,False,avg_price|avg_product_weight_g|avg_product_width_cm|avg_product_photos_qty|avg_payment_installments|avg_ship_days|item_count|order_count|unique_customer_count|buyer_state_diversity|dominant_customer_state_share|seller_state_frequency,平均商品价格、平均商品重量、平均商品宽度、平均商品图片数、平均支付分期期数、平均审核至承运天数、成交件数、成交订单数、独立顾客数、买家州数量、第一大买家州占比、卖家所在州频率
10,20350908,XGBoost-SHAP,0.7,1573,7763,12,12,10,0.7142857142857143,False,avg_price|avg_freight|avg_product_weight_g|avg_product_height_cm|avg_product_name_length|avg_delivery_days|avg_ship_days|avg_estimate_gap_days|item_count|order_count|unique_customer_count|buyer_state_diversity,平均商品价格、平均运费、平均商品重量、平均商品高度、平均商品标题长度、平均下单至送达天数、平均审核至承运天数、平均预计提前送达天数、成交件数、成交订单数、独立顾客数、买家州数量
11,20360908,去随机化Knockoff,0.7,1573,7819,12,11,11,0.8461538461538461,False,avg_price|avg_product_name_length|avg_payment_sequential|avg_ship_days|avg_estimate_gap_days|item_count|order_count|category_count|unique_customer_count|buyer_state_diversity|dominant_customer_state_share|seller_state_frequency,平均商品价格、平均商品标题长度、平均支付序列数、平均审核至承运天数、平均预计提前送达天数、成交件数、成交订单数、活跃品类数、独立顾客数、买家州数量、第一大买家州占比、卖家所在州频率
11,20360908,Elastic Net,0.7,1573,7819,12,14,11,0.8461538461538461,False,avg_price|avg_freight|avg_product_name_length|avg_product_description_length|avg_ship_days|avg_estimate_gap_days|item_count|order_count|category_count|unique_customer_count|dominant_customer_state_share|seller_state_frequency,平均商品价格、平均运费、平均商品标题长度、平均商品描述长度、平均审核至承运天数、平均预计提前送达天数、成交件数、成交订单数、活跃品类数、独立顾客数、第一大买家州占比、卖家所在州频率
11,20360908,稳定性选择,0.7,1573,7819,12,10,11,0.8461538461538461,False,avg_price|avg_freight|avg_product_weight_g|avg_product_height_cm|avg_product_name_length|avg_product_description_length|avg_ship_days|avg_estimate_gap_days|category_count|unique_customer_count|dominant_customer_state_share|seller_state_frequency,平均商品价格、平均运费、平均商品重量、平均商品高度、平均商品标题长度、平均商品描述长度、平均审核至承运天数、平均预计提前送达天数、活跃品类数、独立顾客数、第一大买家州占比、卖家所在州频率
11,20360908,影子变量树模型,0.7,1573,7819,12,8,11,0.8461538461538461,False,avg_price|avg_product_weight_g|avg_product_photos_qty|avg_product_description_length|avg_payment_installments|avg_ship_days|item_count|order_count|unique_customer_count|buyer_state_diversity|dominant_customer_state_share|seller_state_frequency,平均商品价格、平均商品重量、平均商品图片数、平均商品描述长度、平均支付分期期数、平均审核至承运天数、成交件数、成交订单数、独立顾客数、买家州数量、第一大买家州占比、卖家所在州频率
11,20360908,XGBoost-SHAP,0.7,1573,7819,12,12,8,0.5,False,avg_price|avg_freight|avg_delivery_days|avg_approval_days|avg_ship_days|avg_estimate_gap_days|item_count|order_count|unique_customer_count|buyer_state_diversity|dominant_customer_state_share|seller_state_frequency,平均商品价格、平均运费、平均下单至送达天数、平均下单至审核天数、平均审核至承运天数、平均预计提前送达天数、成交件数、成交订单数、独立顾客数、买家州数量、第一大买家州占比、卖家所在州频率
12,20370908,去随机化Knockoff,0.7,1573,7816,12,13,11,0.8461538461538461,False,avg_price|avg_product_name_length|avg_product_description_length|avg_ship_days|avg_estimate_gap_days|item_count|order_count|category_count|unique_customer_count|buyer_state_diversity|interstate_ratio|seller_state_frequency,平均商品价格、平均商品标题长度、平均商品描述长度、平均审核至承运天数、平均预计提前送达天数、成交件数、成交订单数、活跃品类数、独立顾客数、买家州数量、跨州交易占比、卖家所在州频率
12,20370908,Elastic Net,0.7,1573,7816,12,18,11,0.8461538461538461,False,avg_price|avg_freight|avg_product_name_length|avg_product_description_length|avg_ship_days|avg_estimate_gap_days|item_count|order_count|category_count|unique_customer_count|dominant_customer_state_share|seller_state_frequency,平均商品价格、平均运费、平均商品标题长度、平均商品描述长度、平均审核至承运天数、平均预计提前送达天数、成交件数、成交订单数、活跃品类数、独立顾客数、第一大买家州占比、卖家所在州频率
12,20370908,稳定性选择,0.7,1573,7816,12,12,11,0.8461538461538461,False,avg_price|avg_freight|avg_product_height_cm|avg_product_name_length|avg_product_description_length|avg_ship_days|avg_estimate_gap_days|item_count|category_count|unique_customer_count|dominant_customer_state_share|seller_state_frequency,平均商品价格、平均运费、平均商品高度、平均商品标题长度、平均商品描述长度、平均审核至承运天数、平均预计提前送达天数、成交件数、活跃品类数、独立顾客数、第一大买家州占比、卖家所在州频率
12,20370908,影子变量树模型,0.7,1573,7816,12,9,11,0.8461538461538461,False,avg_price|avg_product_weight_g|avg_product_photos_qty|avg_product_description_length|avg_payment_installments|avg_ship_days|item_count|order_count|unique_customer_count|buyer_state_diversity|dominant_customer_state_share|seller_state_frequency,平均商品价格、平均商品重量、平均商品图片数、平均商品描述长度、平均支付分期期数、平均审核至承运天数、成交件数、成交订单数、独立顾客数、买家州数量、第一大买家州占比、卖家所在州频率
12,20370908,XGBoost-SHAP,0.7,1573,7816,12,12,8,0.5,False,avg_price|avg_product_length_cm|avg_product_description_length|avg_payment_installments|avg_review_score|avg_ship_days|avg_estimate_gap_days|item_count|order_count|unique_customer_count|buyer_state_diversity|interstate_ratio,平均商品价格、平均商品长度、平均商品描述长度、平均支付分期期数、平均评价得分、平均审核至承运天数、平均预计提前送达天数、成交件数、成交订单数、独立顾客数、买家州数量、跨州交易占比
13,20380908,去随机化Knockoff,0.7,1573,7767,12,12,11,0.8461538461538461,False,avg_price|avg_product_height_cm|avg_product_name_length|avg_ship_days|avg_estimate_gap_days|item_count|order_count|category_count|unique_customer_count|buyer_state_diversity|dominant_customer_state_share|seller_state_frequency,平均商品价格、平均商品高度、平均商品标题长度、平均审核至承运天数、平均预计提前送达天数、成交件数、成交订单数、活跃品类数、独立顾客数、买家州数量、第一大买家州占比、卖家所在州频率
13,20380908,Elastic Net,0.7,1573,7767,12,17,11,0.8461538461538461,False,avg_price|avg_product_height_cm|avg_product_name_length|avg_ship_days|avg_estimate_gap_days|item_count|order_count|category_count|unique_customer_count|dominant_customer_state_share|interstate_ratio|seller_state_frequency,平均商品价格、平均商品高度、平均商品标题长度、平均审核至承运天数、平均预计提前送达天数、成交件数、成交订单数、活跃品类数、独立顾客数、第一大买家州占比、跨州交易占比、卖家所在州频率
13,20380908,稳定性选择,0.7,1573,7767,12,9,10,0.7142857142857143,False,avg_price|avg_product_height_cm|avg_product_name_length|avg_payment_sequential|avg_ship_days|avg_estimate_gap_days|order_count|category_count|unique_customer_count|dominant_customer_state_share|interstate_ratio|seller_state_frequency,平均商品价格、平均商品高度、平均商品标题长度、平均支付序列数、平均审核至承运天数、平均预计提前送达天数、成交订单数、活跃品类数、独立顾客数、第一大买家州占比、跨州交易占比、卖家所在州频率
13,20380908,影子变量树模型,0.7,1573,7767,12,9,10,0.7142857142857143,False,avg_price|avg_product_weight_g|avg_product_height_cm|avg_product_photos_qty|avg_payment_installments|avg_ship_days|item_count|order_count|unique_customer_count|buyer_state_diversity|dominant_customer_state_share|seller_state_frequency,平均商品价格、平均商品重量、平均商品高度、平均商品图片数、平均支付分期期数、平均审核至承运天数、成交件数、成交订单数、独立顾客数、买家州数量、第一大买家州占比、卖家所在州频率
13,20380908,XGBoost-SHAP,0.7,1573,7767,12,12,11,0.8461538461538461,False,avg_price|avg_freight|avg_product_height_cm|avg_product_description_length|avg_delivery_days|avg_ship_days|avg_estimate_gap_days|order_count|unique_customer_count|buyer_state_diversity|interstate_ratio|seller_state_frequency,平均商品价格、平均运费、平均商品高度、平均商品描述长度、平均下单至送达天数、平均审核至承运天数、平均预计提前送达天数、成交订单数、独立顾客数、买家州数量、跨州交易占比、卖家所在州频率
14,20390908,去随机化Knockoff,0.7,1573,7952,12,13,12,1.0,True,avg_price|avg_product_name_length|avg_product_description_length|avg_ship_days|avg_estimate_gap_days|item_count|order_count|category_count|unique_customer_count|buyer_state_diversity|dominant_customer_state_share|seller_state_frequency,平均商品价格、平均商品标题长度、平均商品描述长度、平均审核至承运天数、平均预计提前送达天数、成交件数、成交订单数、活跃品类数、独立顾客数、买家州数量、第一大买家州占比、卖家所在州频率
14,20390908,Elastic Net,0.7,1573,7952,12,16,11,0.8461538461538461,False,avg_price|avg_freight|avg_product_name_length|avg_product_description_length|avg_ship_days|avg_estimate_gap_days|item_count|order_count|category_count|unique_customer_count|dominant_customer_state_share|seller_state_frequency,平均商品价格、平均运费、平均商品标题长度、平均商品描述长度、平均审核至承运天数、平均预计提前送达天数、成交件数、成交订单数、活跃品类数、独立顾客数、第一大买家州占比、卖家所在州频率
14,20390908,稳定性选择,0.7,1573,7952,12,10,12,1.0,True,avg_price|avg_freight|avg_product_height_cm|avg_product_name_length|avg_product_description_length|avg_ship_days|avg_estimate_gap_days|order_count|category_count|unique_customer_count|dominant_customer_state_share|seller_state_frequency,平均商品价格、平均运费、平均商品高度、平均商品标题长度、平均商品描述长度、平均审核至承运天数、平均预计提前送达天数、成交订单数、活跃品类数、独立顾客数、第一大买家州占比、卖家所在州频率
14,20390908,影子变量树模型,0.7,1573,7952,12,8,11,0.8461538461538461,False,avg_price|avg_product_width_cm|avg_product_photos_qty|avg_product_description_length|avg_payment_installments|avg_ship_days|item_count|order_count|unique_customer_count|buyer_state_diversity|dominant_customer_state_share|seller_state_frequency,平均商品价格、平均商品宽度、平均商品图片数、平均商品描述长度、平均支付分期期数、平均审核至承运天数、成交件数、成交订单数、独立顾客数、买家州数量、第一大买家州占比、卖家所在州频率
14,20390908,XGBoost-SHAP,0.7,1573,7952,12,12,11,0.8461538461538461,False,avg_price|avg_freight|avg_product_height_cm|avg_product_name_length|avg_product_description_length|avg_delivery_days|avg_ship_days|avg_estimate_gap_days|item_count|order_count|unique_customer_count|interstate_ratio,平均商品价格、平均运费、平均商品高度、平均商品标题长度、平均商品描述长度、平均下单至送达天数、平均审核至承运天数、平均预计提前送达天数、成交件数、成交订单数、独立顾客数、跨州交易占比
15,20400908,去随机化Knockoff,0.7,1573,7823,12,10,12,1.0,True,avg_price|avg_product_name_length|avg_product_description_length|avg_ship_days|avg_estimate_gap_days|item_count|order_count|category_count|unique_customer_count|buyer_state_diversity|dominant_customer_state_share|seller_state_frequency,平均商品价格、平均商品标题长度、平均商品描述长度、平均审核至承运天数、平均预计提前送达天数、成交件数、成交订单数、活跃品类数、独立顾客数、买家州数量、第一大买家州占比、卖家所在州频率
15,20400908,Elastic Net,0.7,1573,7823,12,14,12,1.0,True,avg_price|avg_freight|avg_product_height_cm|avg_product_name_length|avg_ship_days|avg_estimate_gap_days|item_count|order_count|category_count|unique_customer_count|dominant_customer_state_share|seller_state_frequency,平均商品价格、平均运费、平均商品高度、平均商品标题长度、平均审核至承运天数、平均预计提前送达天数、成交件数、成交订单数、活跃品类数、独立顾客数、第一大买家州占比、卖家所在州频率
15,20400908,稳定性选择,0.7,1573,7823,12,11,11,0.8461538461538461,False,avg_price|avg_freight|avg_product_height_cm|avg_product_name_length|avg_product_description_length|avg_ship_days|avg_estimate_gap_days|item_count|order_count|category_count|dominant_customer_state_share|seller_state_frequency,平均商品价格、平均运费、平均商品高度、平均商品标题长度、平均商品描述长度、平均审核至承运天数、平均预计提前送达天数、成交件数、成交订单数、活跃品类数、第一大买家州占比、卖家所在州频率
15,20400908,影子变量树模型,0.7,1573,7823,12,8,11,0.8461538461538461,False,avg_price|avg_product_width_cm|avg_product_photos_qty|avg_product_description_length|avg_payment_installments|avg_ship_days|item_count|order_count|unique_customer_count|buyer_state_diversity|dominant_customer_state_share|seller_state_frequency,平均商品价格、平均商品宽度、平均商品图片数、平均商品描述长度、平均支付分期期数、平均审核至承运天数、成交件数、成交订单数、独立顾客数、买家州数量、第一大买家州占比、卖家所在州频率
15,20400908,XGBoost-SHAP,0.7,1573,7823,12,12,10,0.7142857142857143,False,avg_price|avg_product_height_cm|avg_product_width_cm|avg_product_name_length|avg_product_description_length|avg_delivery_days|avg_approval_days|avg_ship_days|avg_estimate_gap_days|order_count|unique_customer_count|buyer_state_diversity,平均商品价格、平均商品高度、平均商品宽度、平均商品标题长度、平均商品描述长度、平均下单至送达天数、平均下单至审核天数、平均审核至承运天数、平均预计提前送达天数、成交订单数、独立顾客数、买家州数量
16,20410908,去随机化Knockoff,0.7,1573,7828,12,10,10,0.7142857142857143,False,avg_price|avg_product_height_cm|avg_product_name_length|avg_payment_sequential|avg_ship_days|avg_estimate_gap_days|item_count|order_count|category_count|unique_customer_count|buyer_state_diversity|seller_state_frequency,平均商品价格、平均商品高度、平均商品标题长度、平均支付序列数、平均审核至承运天数、平均预计提前送达天数、成交件数、成交订单数、活跃品类数、独立顾客数、买家州数量、卖家所在州频率
16,20410908,Elastic Net,0.7,1573,7828,12,19,12,1.0,True,avg_price|avg_freight|avg_product_height_cm|avg_product_name_length|avg_ship_days|avg_estimate_gap_days|item_count|order_count|category_count|unique_customer_count|dominant_customer_state_share|seller_state_frequency,平均商品价格、平均运费、平均商品高度、平均商品标题长度、平均审核至承运天数、平均预计提前送达天数、成交件数、成交订单数、活跃品类数、独立顾客数、第一大买家州占比、卖家所在州频率
16,20410908,稳定性选择,0.7,1573,7828,12,11,11,0.8461538461538461,False,avg_price|avg_freight|avg_product_length_cm|avg_product_height_cm|avg_product_name_length|avg_product_description_length|avg_ship_days|avg_estimate_gap_days|category_count|unique_customer_count|dominant_customer_state_share|seller_state_frequency,平均商品价格、平均运费、平均商品长度、平均商品高度、平均商品标题长度、平均商品描述长度、平均审核至承运天数、平均预计提前送达天数、活跃品类数、独立顾客数、第一大买家州占比、卖家所在州频率
16,20410908,影子变量树模型,0.7,1573,7828,12,9,10,0.7142857142857143,False,avg_price|avg_product_weight_g|avg_product_width_cm|avg_product_photos_qty|avg_payment_installments|avg_ship_days|item_count|order_count|unique_customer_count|buyer_state_diversity|dominant_customer_state_share|seller_state_frequency,平均商品价格、平均商品重量、平均商品宽度、平均商品图片数、平均支付分期期数、平均审核至承运天数、成交件数、成交订单数、独立顾客数、买家州数量、第一大买家州占比、卖家所在州频率
16,20410908,XGBoost-SHAP,0.7,1573,7828,12,12,9,0.6,False,avg_price|avg_freight|avg_product_length_cm|avg_product_height_cm|avg_payment_installments|avg_delivery_days|avg_ship_days|avg_estimate_gap_days|item_count|order_count|unique_customer_count|buyer_state_diversity,平均商品价格、平均运费、平均商品长度、平均商品高度、平均支付分期期数、平均下单至送达天数、平均审核至承运天数、平均预计提前送达天数、成交件数、成交订单数、独立顾客数、买家州数量
17,20420908,去随机化Knockoff,0.7,1573,7861,12,0,11,0.8461538461538461,False,avg_price|avg_freight|avg_product_name_length|avg_product_description_length|avg_ship_days|avg_estimate_gap_days|item_count|order_count|category_count|unique_customer_count|buyer_state_diversity|seller_state_frequency,平均商品价格、平均运费、平均商品标题长度、平均商品描述长度、平均审核至承运天数、平均预计提前送达天数、成交件数、成交订单数、活跃品类数、独立顾客数、买家州数量、卖家所在州频率
17,20420908,Elastic Net,0.7,1573,7861,12,15,11,0.8461538461538461,False,avg_price|avg_freight|avg_product_height_cm|avg_product_name_length|avg_product_description_length|avg_ship_days|avg_estimate_gap_days|item_count|order_count|category_count|unique_customer_count|dominant_customer_state_share,平均商品价格、平均运费、平均商品高度、平均商品标题长度、平均商品描述长度、平均审核至承运天数、平均预计提前送达天数、成交件数、成交订单数、活跃品类数、独立顾客数、第一大买家州占比
17,20420908,稳定性选择,0.7,1573,7861,12,9,12,1.0,True,avg_price|avg_freight|avg_product_height_cm|avg_product_name_length|avg_product_description_length|avg_ship_days|avg_estimate_gap_days|order_count|category_count|unique_customer_count|dominant_customer_state_share|seller_state_frequency,平均商品价格、平均运费、平均商品高度、平均商品标题长度、平均商品描述长度、平均审核至承运天数、平均预计提前送达天数、成交订单数、活跃品类数、独立顾客数、第一大买家州占比、卖家所在州频率
17,20420908,影子变量树模型,0.7,1573,7861,12,8,11,0.8461538461538461,False,avg_price|avg_product_width_cm|avg_product_photos_qty|avg_product_description_length|avg_payment_installments|avg_ship_days|item_count|order_count|unique_customer_count|buyer_state_diversity|dominant_customer_state_share|seller_state_frequency,平均商品价格、平均商品宽度、平均商品图片数、平均商品描述长度、平均支付分期期数、平均审核至承运天数、成交件数、成交订单数、独立顾客数、买家州数量、第一大买家州占比、卖家所在州频率
17,20420908,XGBoost-SHAP,0.7,1573,7861,12,12,11,0.8461538461538461,False,avg_price|avg_freight|avg_product_height_cm|avg_product_name_length|avg_product_description_length|avg_delivery_days|avg_ship_days|avg_estimate_gap_days|order_count|unique_customer_count|buyer_state_diversity|avg_distance_km,平均商品价格、平均运费、平均商品高度、平均商品标题长度、平均商品描述长度、平均下单至送达天数、平均审核至承运天数、平均预计提前送达天数、成交订单数、独立顾客数、买家州数量、平均卖家-买家距离
18,20430908,去随机化Knockoff,0.7,1573,7905,12,10,10,0.7142857142857143,False,avg_price|avg_product_height_cm|avg_product_name_length|avg_ship_days|avg_estimate_gap_days|item_count|order_count|category_count|unique_customer_count|buyer_state_diversity|interstate_ratio|seller_state_frequency,平均商品价格、平均商品高度、平均商品标题长度、平均审核至承运天数、平均预计提前送达天数、成交件数、成交订单数、活跃品类数、独立顾客数、买家州数量、跨州交易占比、卖家所在州频率
18,20430908,Elastic Net,0.7,1573,7905,12,19,12,1.0,True,avg_price|avg_freight|avg_product_height_cm|avg_product_name_length|avg_ship_days|avg_estimate_gap_days|item_count|order_count|category_count|unique_customer_count|dominant_customer_state_share|seller_state_frequency,平均商品价格、平均运费、平均商品高度、平均商品标题长度、平均审核至承运天数、平均预计提前送达天数、成交件数、成交订单数、活跃品类数、独立顾客数、第一大买家州占比、卖家所在州频率
18,20430908,稳定性选择,0.7,1573,7905,12,11,10,0.7142857142857143,False,avg_price|avg_freight|avg_product_height_cm|avg_product_name_length|debit_card_ratio|avg_ship_days|avg_estimate_gap_days|item_count|category_count|unique_customer_count|dominant_customer_state_share|seller_state_frequency,平均商品价格、平均运费、平均商品高度、平均商品标题长度、借记卡支付占比、平均审核至承运天数、平均预计提前送达天数、成交件数、活跃品类数、独立顾客数、第一大买家州占比、卖家所在州频率
18,20430908,影子变量树模型,0.7,1573,7905,12,9,11,0.8461538461538461,False,avg_price|avg_product_weight_g|avg_product_photos_qty|avg_product_name_length|avg_payment_installments|avg_ship_days|item_count|order_count|unique_customer_count|buyer_state_diversity|dominant_customer_state_share|seller_state_frequency,平均商品价格、平均商品重量、平均商品图片数、平均商品标题长度、平均支付分期期数、平均审核至承运天数、成交件数、成交订单数、独立顾客数、买家州数量、第一大买家州占比、卖家所在州频率
18,20430908,XGBoost-SHAP,0.7,1573,7905,12,12,11,0.8461538461538461,False,avg_price|avg_freight|avg_product_height_cm|avg_product_name_length|avg_delivery_days|avg_ship_days|avg_estimate_gap_days|item_count|order_count|unique_customer_count|buyer_state_diversity|interstate_ratio,平均商品价格、平均运费、平均商品高度、平均商品标题长度、平均下单至送达天数、平均审核至承运天数、平均预计提前送达天数、成交件数、成交订单数、独立顾客数、买家州数量、跨州交易占比
19,20440908,去随机化Knockoff,0.7,1573,7868,12,11,10,0.7142857142857143,False,avg_price|avg_product_name_length|avg_payment_sequential|avg_ship_days|avg_estimate_gap_days|item_count|order_count|category_count|unique_customer_count|buyer_state_diversity|interstate_ratio|seller_state_frequency,平均商品价格、平均商品标题长度、平均支付序列数、平均审核至承运天数、平均预计提前送达天数、成交件数、成交订单数、活跃品类数、独立顾客数、买家州数量、跨州交易占比、卖家所在州频率
19,20440908,Elastic Net,0.7,1573,7868,12,18,11,0.8461538461538461,False,avg_price|avg_freight|avg_product_height_cm|avg_product_name_length|avg_ship_days|avg_estimate_gap_days|item_count|order_count|category_count|unique_customer_count|dominant_customer_state_share|interstate_ratio,平均商品价格、平均运费、平均商品高度、平均商品标题长度、平均审核至承运天数、平均预计提前送达天数、成交件数、成交订单数、活跃品类数、独立顾客数、第一大买家州占比、跨州交易占比
19,20440908,稳定性选择,0.7,1573,7868,12,11,10,0.7142857142857143,False,avg_price|avg_freight|avg_product_height_cm|avg_product_name_length|avg_review_score|avg_ship_days|avg_estimate_gap_days|category_count|unique_customer_count|dominant_customer_state_share|interstate_ratio|seller_state_frequency,平均商品价格、平均运费、平均商品高度、平均商品标题长度、平均评价得分、平均审核至承运天数、平均预计提前送达天数、活跃品类数、独立顾客数、第一大买家州占比、跨州交易占比、卖家所在州频率
19,20440908,影子变量树模型,0.7,1573,7868,12,7,10,0.7142857142857143,False,avg_price|avg_product_height_cm|avg_product_width_cm|avg_product_photos_qty|avg_payment_installments|avg_ship_days|item_count|order_count|unique_customer_count|buyer_state_diversity|dominant_customer_state_share|seller_state_frequency,平均商品价格、平均商品高度、平均商品宽度、平均商品图片数、平均支付分期期数、平均审核至承运天数、成交件数、成交订单数、独立顾客数、买家州数量、第一大买家州占比、卖家所在州频率
19,20440908,XGBoost-SHAP,0.7,1573,7868,12,12,11,0.8461538461538461,False,avg_price|avg_freight|avg_product_name_length|avg_product_description_length|avg_review_score|avg_delivery_days|avg_ship_days|avg_estimate_gap_days|order_count|unique_customer_count|buyer_state_diversity|interstate_ratio,平均商品价格、平均运费、平均商品标题长度、平均商品描述长度、平均评价得分、平均下单至送达天数、平均审核至承运天数、平均预计提前送达天数、成交订单数、独立顾客数、买家州数量、跨州交易占比
20,20450908,去随机化Knockoff,0.7,1573,7873,12,10,11,0.8461538461538461,False,avg_price|avg_freight|avg_product_name_length|avg_product_description_length|avg_ship_days|avg_estimate_gap_days|item_count|order_count|category_count|unique_customer_count|buyer_state_diversity|seller_state_frequency,平均商品价格、平均运费、平均商品标题长度、平均商品描述长度、平均审核至承运天数、平均预计提前送达天数、成交件数、成交订单数、活跃品类数、独立顾客数、买家州数量、卖家所在州频率
20,20450908,Elastic Net,0.7,1573,7873,12,18,11,0.8461538461538461,False,avg_price|avg_freight|avg_product_height_cm|avg_product_name_length|avg_product_description_length|avg_ship_days|avg_estimate_gap_days|item_count|order_count|category_count|unique_customer_count|dominant_customer_state_share,平均商品价格、平均运费、平均商品高度、平均商品标题长度、平均商品描述长度、平均审核至承运天数、平均预计提前送达天数、成交件数、成交订单数、活跃品类数、独立顾客数、第一大买家州占比
20,20450908,稳定性选择,0.7,1573,7873,12,10,11,0.8461538461538461,False,avg_price|avg_freight|avg_product_height_cm|avg_product_name_length|avg_product_description_length|debit_card_ratio|avg_ship_days|avg_estimate_gap_days|category_count|unique_customer_count|dominant_customer_state_share|seller_state_frequency,平均商品价格、平均运费、平均商品高度、平均商品标题长度、平均商品描述长度、借记卡支付占比、平均审核至承运天数、平均预计提前送达天数、活跃品类数、独立顾客数、第一大买家州占比、卖家所在州频率
20,20450908,影子变量树模型,0.7,1573,7873,12,8,12,1.0,True,avg_price|avg_product_photos_qty|avg_product_name_length|avg_product_description_length|avg_payment_installments|avg_ship_days|item_count|order_count|unique_customer_count|buyer_state_diversity|dominant_customer_state_share|seller_state_frequency,平均商品价格、平均商品图片数、平均商品标题长度、平均商品描述长度、平均支付分期期数、平均审核至承运天数、成交件数、成交订单数、独立顾客数、买家州数量、第一大买家州占比、卖家所在州频率
20,20450908,XGBoost-SHAP,0.7,1573,7873,12,12,10,0.7142857142857143,False,avg_price|avg_product_length_cm|avg_product_height_cm|avg_product_name_length|avg_product_description_length|avg_ship_days|avg_estimate_gap_days|item_count|order_count|unique_customer_count|buyer_state_diversity|interstate_ratio,平均商品价格、平均商品长度、平均商品高度、平均商品标题长度、平均商品描述长度、平均审核至承运天数、平均预计提前送达天数、成交件数、成交订单数、独立顾客数、买家州数量、跨州交易占比
21,20460908,去随机化Knockoff,0.7,1573,7857,12,11,11,0.8461538461538461,False,avg_price|avg_product_name_length|avg_payment_installments|avg_ship_days|avg_estimate_gap_days|item_count|order_count|category_count|unique_customer_count|buyer_state_diversity|dominant_customer_state_share|seller_state_frequency,平均商品价格、平均商品标题长度、平均支付分期期数、平均审核至承运天数、平均预计提前送达天数、成交件数、成交订单数、活跃品类数、独立顾客数、买家州数量、第一大买家州占比、卖家所在州频率
21,20460908,Elastic Net,0.7,1573,7857,12,16,11,0.8461538461538461,False,avg_price|avg_product_height_cm|avg_product_name_length|avg_payment_installments|avg_ship_days|avg_estimate_gap_days|item_count|order_count|category_count|unique_customer_count|dominant_customer_state_share|seller_state_frequency,平均商品价格、平均商品高度、平均商品标题长度、平均支付分期期数、平均审核至承运天数、平均预计提前送达天数、成交件数、成交订单数、活跃品类数、独立顾客数、第一大买家州占比、卖家所在州频率
21,20460908,稳定性选择,0.7,1573,7857,12,11,11,0.8461538461538461,False,avg_price|avg_product_height_cm|avg_product_name_length|avg_product_description_length|avg_review_score|avg_ship_days|avg_estimate_gap_days|order_count|category_count|unique_customer_count|dominant_customer_state_share|seller_state_frequency,平均商品价格、平均商品高度、平均商品标题长度、平均商品描述长度、平均评价得分、平均审核至承运天数、平均预计提前送达天数、成交订单数、活跃品类数、独立顾客数、第一大买家州占比、卖家所在州频率
21,20460908,影子变量树模型,0.7,1573,7857,12,8,12,1.0,True,avg_price|avg_product_photos_qty|avg_product_name_length|avg_product_description_length|avg_payment_installments|avg_ship_days|item_count|order_count|unique_customer_count|buyer_state_diversity|dominant_customer_state_share|seller_state_frequency,平均商品价格、平均商品图片数、平均商品标题长度、平均商品描述长度、平均支付分期期数、平均审核至承运天数、成交件数、成交订单数、独立顾客数、买家州数量、第一大买家州占比、卖家所在州频率
21,20460908,XGBoost-SHAP,0.7,1573,7857,12,12,8,0.5,False,avg_price|avg_product_height_cm|avg_product_width_cm|avg_payment_installments|avg_delivery_days|avg_ship_days|avg_estimate_gap_days|order_count|unique_customer_count|buyer_state_diversity|dominant_customer_state_share|seller_state_frequency,平均商品价格、平均商品高度、平均商品宽度、平均支付分期期数、平均下单至送达天数、平均审核至承运天数、平均预计提前送达天数、成交订单数、独立顾客数、买家州数量、第一大买家州占比、卖家所在州频率
22,20470908,去随机化Knockoff,0.7,1573,7671,12,10,12,1.0,True,avg_price|avg_product_name_length|avg_product_description_length|avg_ship_days|avg_estimate_gap_days|item_count|order_count|category_count|unique_customer_count|buyer_state_diversity|dominant_customer_state_share|seller_state_frequency,平均商品价格、平均商品标题长度、平均商品描述长度、平均审核至承运天数、平均预计提前送达天数、成交件数、成交订单数、活跃品类数、独立顾客数、买家州数量、第一大买家州占比、卖家所在州频率
22,20470908,Elastic Net,0.7,1573,7671,12,16,11,0.8461538461538461,False,avg_price|avg_freight|avg_product_height_cm|avg_product_name_length|avg_product_description_length|avg_ship_days|avg_estimate_gap_days|item_count|order_count|category_count|unique_customer_count|dominant_customer_state_share,平均商品价格、平均运费、平均商品高度、平均商品标题长度、平均商品描述长度、平均审核至承运天数、平均预计提前送达天数、成交件数、成交订单数、活跃品类数、独立顾客数、第一大买家州占比
22,20470908,稳定性选择,0.7,1573,7671,12,12,11,0.8461538461538461,False,avg_price|avg_freight|avg_product_height_cm|avg_product_name_length|avg_product_description_length|avg_ship_days|avg_estimate_gap_days|item_count|category_count|unique_customer_count|dominant_customer_state_share|seller_state_frequency,平均商品价格、平均运费、平均商品高度、平均商品标题长度、平均商品描述长度、平均审核至承运天数、平均预计提前送达天数、成交件数、活跃品类数、独立顾客数、第一大买家州占比、卖家所在州频率
22,20470908,影子变量树模型,0.7,1573,7671,12,8,11,0.8461538461538461,False,avg_price|avg_product_weight_g|avg_product_photos_qty|avg_product_name_length|avg_payment_installments|avg_ship_days|item_count|order_count|unique_customer_count|buyer_state_diversity|dominant_customer_state_share|seller_state_frequency,平均商品价格、平均商品重量、平均商品图片数、平均商品标题长度、平均支付分期期数、平均审核至承运天数、成交件数、成交订单数、独立顾客数、买家州数量、第一大买家州占比、卖家所在州频率
22,20470908,XGBoost-SHAP,0.7,1573,7671,12,12,10,0.7142857142857143,False,avg_price|avg_freight|avg_product_height_cm|avg_product_width_cm|avg_product_description_length|avg_delivery_days|avg_ship_days|avg_estimate_gap_days|item_count|order_count|unique_customer_count|buyer_state_diversity,平均商品价格、平均运费、平均商品高度、平均商品宽度、平均商品描述长度、平均下单至送达天数、平均审核至承运天数、平均预计提前送达天数、成交件数、成交订单数、独立顾客数、买家州数量
23,20480908,去随机化Knockoff,0.7,1573,7743,12,0,10,0.7142857142857143,False,avg_price|avg_freight|avg_product_name_length|avg_approval_days|avg_ship_days|avg_estimate_gap_days|item_count|order_count|category_count|unique_customer_count|buyer_state_diversity|seller_state_frequency,平均商品价格、平均运费、平均商品标题长度、平均下单至审核天数、平均审核至承运天数、平均预计提前送达天数、成交件数、成交订单数、活跃品类数、独立顾客数、买家州数量、卖家所在州频率
23,20480908,Elastic Net,0.7,1573,7743,12,14,11,0.8461538461538461,False,avg_price|avg_freight|avg_product_height_cm|avg_product_name_length|avg_review_score|avg_ship_days|avg_estimate_gap_days|item_count|order_count|category_count|unique_customer_count|dominant_customer_state_share,平均商品价格、平均运费、平均商品高度、平均商品标题长度、平均评价得分、平均审核至承运天数、平均预计提前送达天数、成交件数、成交订单数、活跃品类数、独立顾客数、第一大买家州占比
23,20480908,稳定性选择,0.7,1573,7743,12,10,11,0.8461538461538461,False,avg_price|avg_freight|avg_product_height_cm|avg_product_name_length|avg_review_score|avg_ship_days|avg_estimate_gap_days|order_count|category_count|unique_customer_count|dominant_customer_state_share|seller_state_frequency,平均商品价格、平均运费、平均商品高度、平均商品标题长度、平均评价得分、平均审核至承运天数、平均预计提前送达天数、成交订单数、活跃品类数、独立顾客数、第一大买家州占比、卖家所在州频率
23,20480908,影子变量树模型,0.7,1573,7743,12,8,11,0.8461538461538461,False,avg_price|avg_product_weight_g|avg_product_photos_qty|avg_product_name_length|avg_payment_installments|avg_ship_days|item_count|order_count|unique_customer_count|buyer_state_diversity|dominant_customer_state_share|seller_state_frequency,平均商品价格、平均商品重量、平均商品图片数、平均商品标题长度、平均支付分期期数、平均审核至承运天数、成交件数、成交订单数、独立顾客数、买家州数量、第一大买家州占比、卖家所在州频率
23,20480908,XGBoost-SHAP,0.7,1573,7743,12,12,9,0.6,False,avg_price|avg_freight|avg_product_weight_g|avg_product_name_length|avg_review_score|avg_delivery_days|avg_approval_days|avg_ship_days|avg_estimate_gap_days|order_count|unique_customer_count|buyer_state_diversity,平均商品价格、平均运费、平均商品重量、平均商品标题长度、平均评价得分、平均下单至送达天数、平均下单至审核天数、平均审核至承运天数、平均预计提前送达天数、成交订单数、独立顾客数、买家州数量
24,20490908,去随机化Knockoff,0.7,1573,7768,12,11,12,1.0,True,avg_price|avg_product_name_length|avg_product_description_length|avg_ship_days|avg_estimate_gap_days|item_count|order_count|category_count|unique_customer_count|buyer_state_diversity|dominant_customer_state_share|seller_state_frequency,平均商品价格、平均商品标题长度、平均商品描述长度、平均审核至承运天数、平均预计提前送达天数、成交件数、成交订单数、活跃品类数、独立顾客数、买家州数量、第一大买家州占比、卖家所在州频率
24,20490908,Elastic Net,0.7,1573,7768,12,20,11,0.8461538461538461,False,avg_price|avg_freight|avg_product_name_length|avg_product_description_length|avg_ship_days|avg_estimate_gap_days|item_count|order_count|category_count|unique_customer_count|dominant_customer_state_share|seller_state_frequency,平均商品价格、平均运费、平均商品标题长度、平均商品描述长度、平均审核至承运天数、平均预计提前送达天数、成交件数、成交订单数、活跃品类数、独立顾客数、第一大买家州占比、卖家所在州频率
24,20490908,稳定性选择,0.7,1573,7768,12,9,11,0.8461538461538461,False,avg_price|avg_freight|avg_product_height_cm|avg_product_name_length|avg_product_description_length|avg_ship_days|avg_estimate_gap_days|item_count|category_count|unique_customer_count|dominant_customer_state_share|seller_state_frequency,平均商品价格、平均运费、平均商品高度、平均商品标题长度、平均商品描述长度、平均审核至承运天数、平均预计提前送达天数、成交件数、活跃品类数、独立顾客数、第一大买家州占比、卖家所在州频率
24,20490908,影子变量树模型,0.7,1573,7768,12,9,11,0.8461538461538461,False,avg_price|avg_product_width_cm|avg_product_photos_qty|avg_product_name_length|avg_payment_installments|avg_ship_days|item_count|order_count|unique_customer_count|buyer_state_diversity|dominant_customer_state_share|seller_state_frequency,平均商品价格、平均商品宽度、平均商品图片数、平均商品标题长度、平均支付分期期数、平均审核至承运天数、成交件数、成交订单数、独立顾客数、买家州数量、第一大买家州占比、卖家所在州频率
24,20490908,XGBoost-SHAP,0.7,1573,7768,12,12,9,0.6,False,avg_price|avg_freight|avg_product_name_length|avg_review_score|avg_delivery_days|avg_approval_days|avg_ship_days|avg_estimate_gap_days|item_count|order_count|unique_customer_count|buyer_state_diversity,平均商品价格、平均运费、平均商品标题长度、平均评价得分、平均下单至送达天数、平均下单至审核天数、平均审核至承运天数、平均预计提前送达天数、成交件数、成交订单数、独立顾客数、买家州数量
25,20500908,去随机化Knockoff,0.7,1573,7908,12,10,11,0.8461538461538461,False,avg_price|avg_product_height_cm|avg_product_name_length|avg_ship_days|avg_estimate_gap_days|item_count|order_count|category_count|unique_customer_count|buyer_state_diversity|dominant_customer_state_share|seller_state_frequency,平均商品价格、平均商品高度、平均商品标题长度、平均审核至承运天数、平均预计提前送达天数、成交件数、成交订单数、活跃品类数、独立顾客数、买家州数量、第一大买家州占比、卖家所在州频率
25,20500908,Elastic Net,0.7,1573,7908,12,14,11,0.8461538461538461,False,avg_price|avg_product_height_cm|avg_product_name_length|avg_review_score|avg_ship_days|avg_estimate_gap_days|item_count|order_count|category_count|unique_customer_count|dominant_customer_state_share|seller_state_frequency,平均商品价格、平均商品高度、平均商品标题长度、平均评价得分、平均审核至承运天数、平均预计提前送达天数、成交件数、成交订单数、活跃品类数、独立顾客数、第一大买家州占比、卖家所在州频率
25,20500908,稳定性选择,0.7,1573,7908,12,11,10,0.7142857142857143,False,avg_price|avg_product_height_cm|avg_product_name_length|avg_product_description_length|avg_review_score|avg_ship_days|avg_estimate_gap_days|item_count|order_count|category_count|dominant_customer_state_share|seller_state_frequency,平均商品价格、平均商品高度、平均商品标题长度、平均商品描述长度、平均评价得分、平均审核至承运天数、平均预计提前送达天数、成交件数、成交订单数、活跃品类数、第一大买家州占比、卖家所在州频率
25,20500908,影子变量树模型,0.7,1573,7908,12,8,10,0.7142857142857143,False,avg_price|avg_product_weight_g|avg_product_width_cm|avg_product_photos_qty|avg_payment_installments|avg_ship_days|item_count|order_count|unique_customer_count|buyer_state_diversity|dominant_customer_state_share|seller_state_frequency,平均商品价格、平均商品重量、平均商品宽度、平均商品图片数、平均支付分期期数、平均审核至承运天数、成交件数、成交订单数、独立顾客数、买家州数量、第一大买家州占比、卖家所在州频率
25,20500908,XGBoost-SHAP,0.7,1573,7908,12,12,9,0.6,False,avg_price|avg_freight|avg_product_height_cm|avg_product_name_length|avg_delivery_days|avg_approval_days|avg_ship_days|avg_estimate_gap_days|item_count|order_count|unique_customer_count|seller_state_frequency,平均商品价格、平均运费、平均商品高度、平均商品标题长度、平均下单至送达天数、平均下单至审核天数、平均审核至承运天数、平均预计提前送达天数、成交件数、成交订单数、独立顾客数、卖家所在州频率
26,20510908,去随机化Knockoff,0.7,1573,7768,12,10,11,0.8461538461538461,False,avg_price|avg_product_name_length|avg_product_description_length|avg_approval_days|avg_ship_days|avg_estimate_gap_days|item_count|order_count|category_count|unique_customer_count|buyer_state_diversity|seller_state_frequency,平均商品价格、平均商品标题长度、平均商品描述长度、平均下单至审核天数、平均审核至承运天数、平均预计提前送达天数、成交件数、成交订单数、活跃品类数、独立顾客数、买家州数量、卖家所在州频率
26,20510908,Elastic Net,0.7,1573,7768,12,18,11,0.8461538461538461,False,avg_price|avg_freight|avg_product_name_length|avg_product_description_length|avg_ship_days|avg_estimate_gap_days|item_count|order_count|category_count|unique_customer_count|dominant_customer_state_share|seller_state_frequency,平均商品价格、平均运费、平均商品标题长度、平均商品描述长度、平均审核至承运天数、平均预计提前送达天数、成交件数、成交订单数、活跃品类数、独立顾客数、第一大买家州占比、卖家所在州频率
26,20510908,稳定性选择,0.7,1573,7768,12,11,11,0.8461538461538461,False,avg_price|avg_freight|avg_product_height_cm|avg_product_name_length|avg_product_description_length|avg_ship_days|avg_estimate_gap_days|item_count|order_count|category_count|dominant_customer_state_share|seller_state_frequency,平均商品价格、平均运费、平均商品高度、平均商品标题长度、平均商品描述长度、平均审核至承运天数、平均预计提前送达天数、成交件数、成交订单数、活跃品类数、第一大买家州占比、卖家所在州频率
26,20510908,影子变量树模型,0.7,1573,7768,12,8,12,1.0,True,avg_price|avg_product_photos_qty|avg_product_name_length|avg_product_description_length|avg_payment_installments|avg_ship_days|item_count|order_count|unique_customer_count|buyer_state_diversity|dominant_customer_state_share|seller_state_frequency,平均商品价格、平均商品图片数、平均商品标题长度、平均商品描述长度、平均支付分期期数、平均审核至承运天数、成交件数、成交订单数、独立顾客数、买家州数量、第一大买家州占比、卖家所在州频率
26,20510908,XGBoost-SHAP,0.7,1573,7768,12,12,10,0.7142857142857143,False,avg_price|avg_freight|avg_product_name_length|avg_product_description_length|avg_payment_installments|avg_delivery_days|avg_ship_days|avg_estimate_gap_days|item_count|order_count|unique_customer_count|interstate_ratio,平均商品价格、平均运费、平均商品标题长度、平均商品描述长度、平均支付分期期数、平均下单至送达天数、平均审核至承运天数、平均预计提前送达天数、成交件数、成交订单数、独立顾客数、跨州交易占比
27,20520908,去随机化Knockoff,0.7,1573,7824,12,11,11,0.8461538461538461,False,avg_price|avg_product_name_length|avg_product_description_length|avg_payment_sequential|avg_ship_days|avg_estimate_gap_days|item_count|order_count|category_count|unique_customer_count|buyer_state_diversity|seller_state_frequency,平均商品价格、平均商品标题长度、平均商品描述长度、平均支付序列数、平均审核至承运天数、平均预计提前送达天数、成交件数、成交订单数、活跃品类数、独立顾客数、买家州数量、卖家所在州频率
27,20520908,Elastic Net,0.7,1573,7824,12,15,11,0.8461538461538461,False,avg_price|avg_freight|avg_product_name_length|avg_product_description_length|avg_ship_days|avg_estimate_gap_days|item_count|order_count|category_count|unique_customer_count|dominant_customer_state_share|seller_state_frequency,平均商品价格、平均运费、平均商品标题长度、平均商品描述长度、平均审核至承运天数、平均预计提前送达天数、成交件数、成交订单数、活跃品类数、独立顾客数、第一大买家州占比、卖家所在州频率
27,20520908,稳定性选择,0.7,1573,7824,12,10,10,0.7142857142857143,False,avg_price|avg_freight|avg_product_name_length|avg_product_description_length|avg_review_score|avg_ship_days|avg_estimate_gap_days|item_count|order_count|category_count|dominant_customer_state_share|seller_state_frequency,平均商品价格、平均运费、平均商品标题长度、平均商品描述长度、平均评价得分、平均审核至承运天数、平均预计提前送达天数、成交件数、成交订单数、活跃品类数、第一大买家州占比、卖家所在州频率
27,20520908,影子变量树模型,0.7,1573,7824,12,8,11,0.8461538461538461,False,avg_price|avg_product_weight_g|avg_product_photos_qty|avg_product_description_length|avg_payment_installments|avg_ship_days|item_count|order_count|unique_customer_count|buyer_state_diversity|dominant_customer_state_share|seller_state_frequency,平均商品价格、平均商品重量、平均商品图片数、平均商品描述长度、平均支付分期期数、平均审核至承运天数、成交件数、成交订单数、独立顾客数、买家州数量、第一大买家州占比、卖家所在州频率
27,20520908,XGBoost-SHAP,0.7,1573,7824,12,12,9,0.6,False,avg_price|avg_freight|avg_payment_installments|avg_delivery_days|avg_approval_days|avg_ship_days|avg_estimate_gap_days|item_count|order_count|unique_customer_count|buyer_state_diversity|interstate_ratio,平均商品价格、平均运费、平均支付分期期数、平均下单至送达天数、平均下单至审核天数、平均审核至承运天数、平均预计提前送达天数、成交件数、成交订单数、独立顾客数、买家州数量、跨州交易占比
28,20530908,去随机化Knockoff,0.7,1573,7909,12,13,11,0.8461538461538461,False,avg_price|avg_product_height_cm|avg_product_name_length|avg_ship_days|avg_estimate_gap_days|item_count|order_count|category_count|unique_customer_count|buyer_state_diversity|dominant_customer_state_share|seller_state_frequency,平均商品价格、平均商品高度、平均商品标题长度、平均审核至承运天数、平均预计提前送达天数、成交件数、成交订单数、活跃品类数、独立顾客数、买家州数量、第一大买家州占比、卖家所在州频率
28,20530908,Elastic Net,0.7,1573,7909,12,17,11,0.8461538461538461,False,avg_price|avg_freight|avg_product_height_cm|avg_product_name_length|avg_product_description_length|avg_ship_days|avg_estimate_gap_days|order_count|category_count|unique_customer_count|dominant_customer_state_share|seller_state_frequency,平均商品价格、平均运费、平均商品高度、平均商品标题长度、平均商品描述长度、平均审核至承运天数、平均预计提前送达天数、成交订单数、活跃品类数、独立顾客数、第一大买家州占比、卖家所在州频率
28,20530908,稳定性选择,0.7,1573,7909,12,10,12,1.0,True,avg_price|avg_freight|avg_product_height_cm|avg_product_name_length|avg_product_description_length|avg_ship_days|avg_estimate_gap_days|order_count|category_count|unique_customer_count|dominant_customer_state_share|seller_state_frequency,平均商品价格、平均运费、平均商品高度、平均商品标题长度、平均商品描述长度、平均审核至承运天数、平均预计提前送达天数、成交订单数、活跃品类数、独立顾客数、第一大买家州占比、卖家所在州频率
28,20530908,影子变量树模型,0.7,1573,7909,12,8,10,0.7142857142857143,False,avg_price|avg_product_weight_g|avg_product_width_cm|avg_product_description_length|avg_payment_installments|avg_ship_days|item_count|order_count|unique_customer_count|buyer_state_diversity|dominant_customer_state_share|seller_state_frequency,平均商品价格、平均商品重量、平均商品宽度、平均商品描述长度、平均支付分期期数、平均审核至承运天数、成交件数、成交订单数、独立顾客数、买家州数量、第一大买家州占比、卖家所在州频率
28,20530908,XGBoost-SHAP,0.7,1573,7909,12,12,10,0.7142857142857143,False,avg_price|avg_freight|avg_product_height_cm|avg_product_name_length|avg_product_description_length|avg_review_score|avg_approval_days|avg_ship_days|avg_estimate_gap_days|order_count|unique_customer_count|buyer_state_diversity,平均商品价格、平均运费、平均商品高度、平均商品标题长度、平均商品描述长度、平均评价得分、平均下单至审核天数、平均审核至承运天数、平均预计提前送达天数、成交订单数、独立顾客数、买家州数量
29,20540908,去随机化Knockoff,0.7,1573,7907,12,10,11,0.8461538461538461,False,avg_price|avg_freight|avg_product_name_length|avg_ship_days|avg_estimate_gap_days|item_count|order_count|category_count|unique_customer_count|buyer_state_diversity|dominant_customer_state_share|seller_state_frequency,平均商品价格、平均运费、平均商品标题长度、平均审核至承运天数、平均预计提前送达天数、成交件数、成交订单数、活跃品类数、独立顾客数、买家州数量、第一大买家州占比、卖家所在州频率
29,20540908,Elastic Net,0.7,1573,7907,12,17,11,0.8461538461538461,False,avg_price|avg_freight|avg_product_name_length|avg_payment_installments|avg_ship_days|avg_estimate_gap_days|item_count|order_count|category_count|unique_customer_count|dominant_customer_state_share|seller_state_frequency,平均商品价格、平均运费、平均商品标题长度、平均支付分期期数、平均审核至承运天数、平均预计提前送达天数、成交件数、成交订单数、活跃品类数、独立顾客数、第一大买家州占比、卖家所在州频率
29,20540908,稳定性选择,0.7,1573,7907,12,9,10,0.7142857142857143,False,avg_price|avg_freight|avg_product_height_cm|avg_product_name_length|avg_payment_installments|avg_ship_days|avg_estimate_gap_days|item_count|order_count|category_count|dominant_customer_state_share|seller_state_frequency,平均商品价格、平均运费、平均商品高度、平均商品标题长度、平均支付分期期数、平均审核至承运天数、平均预计提前送达天数、成交件数、成交订单数、活跃品类数、第一大买家州占比、卖家所在州频率
29,20540908,影子变量树模型,0.7,1573,7907,12,8,11,0.8461538461538461,False,avg_price|avg_product_width_cm|avg_product_photos_qty|avg_product_name_length|avg_payment_installments|avg_ship_days|item_count|order_count|unique_customer_count|buyer_state_diversity|dominant_customer_state_share|seller_state_frequency,平均商品价格、平均商品宽度、平均商品图片数、平均商品标题长度、平均支付分期期数、平均审核至承运天数、成交件数、成交订单数、独立顾客数、买家州数量、第一大买家州占比、卖家所在州频率
29,20540908,XGBoost-SHAP,0.7,1573,7907,12,12,11,0.8461538461538461,False,avg_price|avg_product_length_cm|avg_product_height_cm|avg_product_name_length|avg_product_description_length|avg_delivery_days|avg_ship_days|avg_estimate_gap_days|order_count|unique_customer_count|buyer_state_diversity|interstate_ratio,平均商品价格、平均商品长度、平均商品高度、平均商品标题长度、平均商品描述长度、平均下单至送达天数、平均审核至承运天数、平均预计提前送达天数、成交订单数、独立顾客数、买家州数量、跨州交易占比
30,20550908,去随机化Knockoff,0.7,1573,7796,12,11,12,1.0,True,avg_price|avg_product_name_length|avg_product_description_length|avg_ship_days|avg_estimate_gap_days|item_count|order_count|category_count|unique_customer_count|buyer_state_diversity|dominant_customer_state_share|seller_state_frequency,平均商品价格、平均商品标题长度、平均商品描述长度、平均审核至承运天数、平均预计提前送达天数、成交件数、成交订单数、活跃品类数、独立顾客数、买家州数量、第一大买家州占比、卖家所在州频率
30,20550908,Elastic Net,0.7,1573,7796,12,17,11,0.8461538461538461,False,avg_price|avg_product_height_cm|avg_product_name_length|avg_product_description_length|avg_ship_days|avg_estimate_gap_days|item_count|order_count|category_count|unique_customer_count|dominant_customer_state_share|seller_state_frequency,平均商品价格、平均商品高度、平均商品标题长度、平均商品描述长度、平均审核至承运天数、平均预计提前送达天数、成交件数、成交订单数、活跃品类数、独立顾客数、第一大买家州占比、卖家所在州频率
30,20550908,稳定性选择,0.7,1573,7796,12,9,10,0.7142857142857143,False,avg_price|avg_product_height_cm|avg_product_name_length|avg_product_description_length|debit_card_ratio|avg_review_score|avg_ship_days|avg_estimate_gap_days|order_count|category_count|dominant_customer_state_share|seller_state_frequency,平均商品价格、平均商品高度、平均商品标题长度、平均商品描述长度、借记卡支付占比、平均评价得分、平均审核至承运天数、平均预计提前送达天数、成交订单数、活跃品类数、第一大买家州占比、卖家所在州频率
30,20550908,影子变量树模型,0.7,1573,7796,12,8,11,0.8461538461538461,False,avg_price|avg_product_weight_g|avg_product_photos_qty|avg_product_name_length|avg_payment_installments|avg_ship_days|item_count|order_count|unique_customer_count|buyer_state_diversity|dominant_customer_state_share|seller_state_frequency,平均商品价格、平均商品重量、平均商品图片数、平均商品标题长度、平均支付分期期数、平均审核至承运天数、成交件数、成交订单数、独立顾客数、买家州数量、第一大买家州占比、卖家所在州频率
30,20550908,XGBoost-SHAP,0.7,1573,7796,12,12,11,0.8461538461538461,False,avg_price|avg_freight|avg_product_height_cm|avg_product_name_length|avg_review_score|avg_delivery_days|avg_ship_days|avg_estimate_gap_days|order_count|unique_customer_count|buyer_state_diversity|interstate_ratio,平均商品价格、平均运费、平均商品高度、平均商品标题长度、平均评价得分、平均下单至送达天数、平均审核至承运天数、平均预计提前送达天数、成交订单数、独立顾客数、买家州数量、跨州交易占比
