method,feature,label_zh,full_selected,half_sample_frequency
copula_mvr,avg_price,平均商品价格,True,1.0
copula_mvr,avg_freight,平均运费,False,0.05
copula_mvr,avg_product_weight_g,平均商品重量,True,0.8833333333333333
copula_mvr,avg_product_length_cm,平均商品长度,False,0.05
copula_mvr,avg_product_height_cm,平均商品高度,False,0.0
copula_mvr,avg_product_width_cm,平均商品宽度,False,0.016666666666666666
copula_mvr,avg_product_photos_qty,平均商品图片数,False,0.016666666666666666
copula_mvr,avg_product_name_length,平均商品标题长度,True,0.4666666666666667
copula_mvr,avg_product_description_length,平均商品描述长度,False,0.13333333333333333
copula_mvr,avg_payment_installments,平均支付分期期数,False,0.26666666666666666
copula_mvr,avg_payment_sequential,平均支付序列数,False,0.18333333333333332
copula_mvr,credit_card_ratio,信用卡支付占比,False,0.016666666666666666
copula_mvr,boleto_ratio,Boleto支付占比,False,0.1
copula_mvr,voucher_ratio,代金券支付占比,False,0.06666666666666667
copula_mvr,debit_card_ratio,借记卡支付占比,False,0.03333333333333333
copula_mvr,avg_review_score,月末可见平均评价,False,0.03333333333333333
copula_mvr,avg_delivery_days,月末已送达平均天数,True,1.0
copula_mvr,avg_approval_days,月末已审核平均天数,True,0.8666666666666667
copula_mvr,avg_ship_days,月末已承运平均准备天数,False,0.016666666666666666
copula_mvr,avg_estimate_gap_days,月末已送达预计提前天数,False,0.016666666666666666
copula_mvr,item_count,购买件数,True,1.0
copula_mvr,order_count,购买订单数,True,1.0
copula_mvr,category_count,活跃品类数,True,0.43333333333333335
copula_mvr,unique_customer_count,独立顾客数,True,1.0
copula_mvr,buyer_state_diversity,买家州数量,True,1.0
copula_mvr,dominant_customer_state_share,第一大买家州占比,False,0.55
copula_mvr,interstate_ratio,跨州交易占比,True,0.48333333333333334
copula_mvr,avg_distance_km,平均买卖家距离,True,1.0
copula_mvr,seller_state_frequency,已观察卖家州频率,False,0.25
copula_mvr,marketing_origin_frequency,已成交营销来源频率,False,0.016666666666666666
copula_mvr,has_marketing_deal,月末已匹配营销成交,False,0.05
elastic_net,avg_price,平均商品价格,True,1.0
elastic_net,avg_freight,平均运费,True,0.43333333333333335
elastic_net,avg_product_weight_g,平均商品重量,True,0.9833333333333333
elastic_net,avg_product_length_cm,平均商品长度,False,0.1
elastic_net,avg_product_height_cm,平均商品高度,False,0.0
elastic_net,avg_product_width_cm,平均商品宽度,False,0.11666666666666667
elastic_net,avg_product_photos_qty,平均商品图片数,False,0.03333333333333333
elastic_net,avg_product_name_length,平均商品标题长度,False,0.31666666666666665
elastic_net,avg_product_description_length,平均商品描述长度,False,0.08333333333333333
elastic_net,avg_payment_installments,平均支付分期期数,False,0.3333333333333333
elastic_net,avg_payment_sequential,平均支付序列数,False,0.03333333333333333
elastic_net,credit_card_ratio,信用卡支付占比,False,0.08333333333333333
elastic_net,boleto_ratio,Boleto支付占比,False,0.15
elastic_net,voucher_ratio,代金券支付占比,False,0.016666666666666666
elastic_net,debit_card_ratio,借记卡支付占比,False,0.0
elastic_net,avg_review_score,月末可见平均评价,True,0.9333333333333333
elastic_net,avg_delivery_days,月末已送达平均天数,True,1.0
elastic_net,avg_approval_days,月末已审核平均天数,False,0.15
elastic_net,avg_ship_days,月末已承运平均准备天数,False,0.0
elastic_net,avg_estimate_gap_days,月末已送达预计提前天数,False,0.15
elastic_net,item_count,购买件数,True,0.9
elastic_net,order_count,购买订单数,True,0.7166666666666667
elastic_net,category_count,活跃品类数,False,0.03333333333333333
elastic_net,unique_customer_count,独立顾客数,True,0.65
elastic_net,buyer_state_diversity,买家州数量,True,0.6333333333333333
elastic_net,dominant_customer_state_share,第一大买家州占比,True,1.0
elastic_net,interstate_ratio,跨州交易占比,True,0.7833333333333333
elastic_net,avg_distance_km,平均买卖家距离,True,1.0
elastic_net,seller_state_frequency,已观察卖家州频率,False,0.36666666666666664
elastic_net,marketing_origin_frequency,已成交营销来源频率,False,0.0
elastic_net,has_marketing_deal,月末已匹配营销成交,False,0.0
stability_selection,avg_price,平均商品价格,True,1.0
stability_selection,avg_freight,平均运费,False,0.31666666666666665
stability_selection,avg_product_weight_g,平均商品重量,True,0.8833333333333333
stability_selection,avg_product_length_cm,平均商品长度,False,0.3
stability_selection,avg_product_height_cm,平均商品高度,False,0.2
stability_selection,avg_product_width_cm,平均商品宽度,False,0.2833333333333333
stability_selection,avg_product_photos_qty,平均商品图片数,False,0.25
stability_selection,avg_product_name_length,平均商品标题长度,True,0.6666666666666666
stability_selection,avg_product_description_length,平均商品描述长度,False,0.31666666666666665
stability_selection,avg_payment_installments,平均支付分期期数,True,0.4666666666666667
stability_selection,avg_payment_sequential,平均支付序列数,False,0.13333333333333333
stability_selection,credit_card_ratio,信用卡支付占比,False,0.0
stability_selection,boleto_ratio,Boleto支付占比,False,0.016666666666666666
stability_selection,voucher_ratio,代金券支付占比,False,0.06666666666666667
stability_selection,debit_card_ratio,借记卡支付占比,False,0.08333333333333333
stability_selection,avg_review_score,月末可见平均评价,True,0.9833333333333333
stability_selection,avg_delivery_days,月末已送达平均天数,True,1.0
stability_selection,avg_approval_days,月末已审核平均天数,False,0.4166666666666667
stability_selection,avg_ship_days,月末已承运平均准备天数,False,0.21666666666666667
stability_selection,avg_estimate_gap_days,月末已送达预计提前天数,False,0.38333333333333336
stability_selection,item_count,购买件数,True,0.26666666666666666
stability_selection,order_count,购买订单数,False,0.06666666666666667
stability_selection,category_count,活跃品类数,True,0.26666666666666666
stability_selection,unique_customer_count,独立顾客数,False,0.016666666666666666
stability_selection,buyer_state_diversity,买家州数量,False,0.15
stability_selection,dominant_customer_state_share,第一大买家州占比,True,1.0
stability_selection,interstate_ratio,跨州交易占比,True,0.75
stability_selection,avg_distance_km,平均买卖家距离,True,0.9666666666666667
stability_selection,seller_state_frequency,已观察卖家州频率,True,0.5333333333333333
stability_selection,marketing_origin_frequency,已成交营销来源频率,False,0.0
stability_selection,has_marketing_deal,月末已匹配营销成交,False,0.0
shadow_trees,avg_price,平均商品价格,True,1.0
shadow_trees,avg_freight,平均运费,True,0.7166666666666667
shadow_trees,avg_product_weight_g,平均商品重量,True,0.8833333333333333
shadow_trees,avg_product_length_cm,平均商品长度,False,0.0
shadow_trees,avg_product_height_cm,平均商品高度,False,0.0
shadow_trees,avg_product_width_cm,平均商品宽度,False,0.0
shadow_trees,avg_product_photos_qty,平均商品图片数,False,0.0
shadow_trees,avg_product_name_length,平均商品标题长度,False,0.0
shadow_trees,avg_product_description_length,平均商品描述长度,False,0.016666666666666666
shadow_trees,avg_payment_installments,平均支付分期期数,True,1.0
shadow_trees,avg_payment_sequential,平均支付序列数,False,0.0
shadow_trees,credit_card_ratio,信用卡支付占比,False,0.0
shadow_trees,boleto_ratio,Boleto支付占比,False,0.0
shadow_trees,voucher_ratio,代金券支付占比,False,0.0
shadow_trees,debit_card_ratio,借记卡支付占比,False,0.0
shadow_trees,avg_review_score,月末可见平均评价,True,1.0
shadow_trees,avg_delivery_days,月末已送达平均天数,True,1.0
shadow_trees,avg_approval_days,月末已审核平均天数,False,0.0
shadow_trees,avg_ship_days,月末已承运平均准备天数,False,0.0
shadow_trees,avg_estimate_gap_days,月末已送达预计提前天数,True,1.0
shadow_trees,item_count,购买件数,True,1.0
shadow_trees,order_count,购买订单数,True,1.0
shadow_trees,category_count,活跃品类数,False,0.0
shadow_trees,unique_customer_count,独立顾客数,True,1.0
shadow_trees,buyer_state_diversity,买家州数量,True,1.0
shadow_trees,dominant_customer_state_share,第一大买家州占比,True,1.0
shadow_trees,interstate_ratio,跨州交易占比,False,0.36666666666666664
shadow_trees,avg_distance_km,平均买卖家距离,False,0.0
shadow_trees,seller_state_frequency,已观察卖家州频率,False,0.016666666666666666
shadow_trees,marketing_origin_frequency,已成交营销来源频率,False,0.0
shadow_trees,has_marketing_deal,月末已匹配营销成交,False,0.0
xgboost_shap,avg_price,平均商品价格,True,1.0
xgboost_shap,avg_freight,平均运费,True,0.45
xgboost_shap,avg_product_weight_g,平均商品重量,True,0.5
xgboost_shap,avg_product_length_cm,平均商品长度,False,0.0
xgboost_shap,avg_product_height_cm,平均商品高度,False,0.06666666666666667
xgboost_shap,avg_product_width_cm,平均商品宽度,False,0.0
xgboost_shap,avg_product_photos_qty,平均商品图片数,False,0.016666666666666666
xgboost_shap,avg_product_name_length,平均商品标题长度,True,0.55
xgboost_shap,avg_product_description_length,平均商品描述长度,False,0.08333333333333333
xgboost_shap,avg_payment_installments,平均支付分期期数,False,0.1
xgboost_shap,avg_payment_sequential,平均支付序列数,False,0.0
xgboost_shap,credit_card_ratio,信用卡支付占比,False,0.0
xgboost_shap,boleto_ratio,Boleto支付占比,False,0.0
xgboost_shap,voucher_ratio,代金券支付占比,False,0.0
xgboost_shap,debit_card_ratio,借记卡支付占比,False,0.0
xgboost_shap,avg_review_score,月末可见平均评价,True,1.0
xgboost_shap,avg_delivery_days,月末已送达平均天数,True,1.0
xgboost_shap,avg_approval_days,月末已审核平均天数,False,0.26666666666666666
xgboost_shap,avg_ship_days,月末已承运平均准备天数,True,0.9666666666666667
xgboost_shap,avg_estimate_gap_days,月末已送达预计提前天数,True,1.0
xgboost_shap,item_count,购买件数,True,0.9166666666666666
xgboost_shap,order_count,购买订单数,True,1.0
xgboost_shap,category_count,活跃品类数,False,0.0
xgboost_shap,unique_customer_count,独立顾客数,True,1.0
xgboost_shap,buyer_state_diversity,买家州数量,True,1.0
xgboost_shap,dominant_customer_state_share,第一大买家州占比,False,0.6666666666666666
xgboost_shap,interstate_ratio,跨州交易占比,False,0.016666666666666666
xgboost_shap,avg_distance_km,平均买卖家距离,False,0.21666666666666667
xgboost_shap,seller_state_frequency,已观察卖家州频率,False,0.18333333333333332
xgboost_shap,marketing_origin_frequency,已成交营销来源频率,False,0.0
xgboost_shap,has_marketing_deal,月末已匹配营销成交,False,0.0
deep_lasso,avg_price,平均商品价格,True,1.0
deep_lasso,avg_freight,平均运费,False,0.05
deep_lasso,avg_product_weight_g,平均商品重量,True,0.4166666666666667
deep_lasso,avg_product_length_cm,平均商品长度,False,0.016666666666666666
deep_lasso,avg_product_height_cm,平均商品高度,False,0.016666666666666666
deep_lasso,avg_product_width_cm,平均商品宽度,False,0.0
deep_lasso,avg_product_photos_qty,平均商品图片数,False,0.0
deep_lasso,avg_product_name_length,平均商品标题长度,False,0.2833333333333333
deep_lasso,avg_product_description_length,平均商品描述长度,False,0.08333333333333333
deep_lasso,avg_payment_installments,平均支付分期期数,False,0.21666666666666667
deep_lasso,avg_payment_sequential,平均支付序列数,False,0.0
deep_lasso,credit_card_ratio,信用卡支付占比,False,0.0
deep_lasso,boleto_ratio,Boleto支付占比,False,0.0
deep_lasso,voucher_ratio,代金券支付占比,False,0.0
deep_lasso,debit_card_ratio,借记卡支付占比,False,0.0
deep_lasso,avg_review_score,月末可见平均评价,True,0.95
deep_lasso,avg_delivery_days,月末已送达平均天数,True,0.95
deep_lasso,avg_approval_days,月末已审核平均天数,False,0.03333333333333333
deep_lasso,avg_ship_days,月末已承运平均准备天数,True,0.5833333333333334
deep_lasso,avg_estimate_gap_days,月末已送达预计提前天数,True,0.9333333333333333
deep_lasso,item_count,购买件数,True,1.0
deep_lasso,order_count,购买订单数,True,1.0
deep_lasso,category_count,活跃品类数,False,0.18333333333333332
deep_lasso,unique_customer_count,独立顾客数,True,1.0
deep_lasso,buyer_state_diversity,买家州数量,True,1.0
deep_lasso,dominant_customer_state_share,第一大买家州占比,True,1.0
deep_lasso,interstate_ratio,跨州交易占比,False,0.3333333333333333
deep_lasso,avg_distance_km,平均买卖家距离,True,0.95
deep_lasso,seller_state_frequency,已观察卖家州频率,False,0.0
deep_lasso,marketing_origin_frequency,已成交营销来源频率,False,0.0
deep_lasso,has_marketing_deal,月末已匹配营销成交,False,0.0
tabm,avg_price,平均商品价格,True,1.0
tabm,avg_freight,平均运费,False,0.2
tabm,avg_product_weight_g,平均商品重量,True,0.9333333333333333
tabm,avg_product_length_cm,平均商品长度,False,0.1
tabm,avg_product_height_cm,平均商品高度,False,0.016666666666666666
tabm,avg_product_width_cm,平均商品宽度,False,0.0
tabm,avg_product_photos_qty,平均商品图片数,False,0.016666666666666666
tabm,avg_product_name_length,平均商品标题长度,False,0.03333333333333333
tabm,avg_product_description_length,平均商品描述长度,False,0.06666666666666667
tabm,avg_payment_installments,平均支付分期期数,False,0.23333333333333334
tabm,avg_payment_sequential,平均支付序列数,False,0.016666666666666666
tabm,credit_card_ratio,信用卡支付占比,False,0.0
tabm,boleto_ratio,Boleto支付占比,False,0.0
tabm,voucher_ratio,代金券支付占比,False,0.0
tabm,debit_card_ratio,借记卡支付占比,False,0.03333333333333333
tabm,avg_review_score,月末可见平均评价,True,0.9
tabm,avg_delivery_days,月末已送达平均天数,True,1.0
tabm,avg_approval_days,月末已审核平均天数,False,0.13333333333333333
tabm,avg_ship_days,月末已承运平均准备天数,True,0.45
tabm,avg_estimate_gap_days,月末已送达预计提前天数,True,0.95
tabm,item_count,购买件数,True,1.0
tabm,order_count,购买订单数,True,1.0
tabm,category_count,活跃品类数,True,0.23333333333333334
tabm,unique_customer_count,独立顾客数,True,1.0
tabm,buyer_state_diversity,买家州数量,True,0.8666666666666667
tabm,dominant_customer_state_share,第一大买家州占比,True,0.8833333333333333
tabm,interstate_ratio,跨州交易占比,False,0.18333333333333332
tabm,avg_distance_km,平均买卖家距离,False,0.7166666666666667
tabm,seller_state_frequency,已观察卖家州频率,False,0.03333333333333333
tabm,marketing_origin_frequency,已成交营销来源频率,False,0.0
tabm,has_marketing_deal,月末已匹配营销成交,False,0.0
vtfs,avg_price,平均商品价格,True,0.8833333333333333
vtfs,avg_freight,平均运费,True,0.23333333333333334
vtfs,avg_product_weight_g,平均商品重量,True,0.9833333333333333
vtfs,avg_product_length_cm,平均商品长度,True,0.25
vtfs,avg_product_height_cm,平均商品高度,True,0.6166666666666667
vtfs,avg_product_width_cm,平均商品宽度,True,0.6833333333333333
vtfs,avg_product_photos_qty,平均商品图片数,False,0.06666666666666667
vtfs,avg_product_name_length,平均商品标题长度,False,0.38333333333333336
vtfs,avg_product_description_length,平均商品描述长度,False,0.0
vtfs,avg_payment_installments,平均支付分期期数,False,0.5166666666666667
vtfs,avg_payment_sequential,平均支付序列数,True,0.48333333333333334
vtfs,credit_card_ratio,信用卡支付占比,False,0.3333333333333333
vtfs,boleto_ratio,Boleto支付占比,False,0.36666666666666664
vtfs,voucher_ratio,代金券支付占比,True,0.18333333333333332
vtfs,debit_card_ratio,借记卡支付占比,False,0.6666666666666666
vtfs,avg_review_score,月末可见平均评价,False,0.0
vtfs,avg_delivery_days,月末已送达平均天数,False,0.6333333333333333
vtfs,avg_approval_days,月末已审核平均天数,False,0.16666666666666666
vtfs,avg_ship_days,月末已承运平均准备天数,True,0.6333333333333333
vtfs,avg_estimate_gap_days,月末已送达预计提前天数,True,0.5666666666666667
vtfs,item_count,购买件数,False,0.6
vtfs,order_count,购买订单数,False,0.38333333333333336
vtfs,category_count,活跃品类数,False,0.38333333333333336
vtfs,unique_customer_count,独立顾客数,True,0.6
vtfs,buyer_state_diversity,买家州数量,False,0.0
vtfs,dominant_customer_state_share,第一大买家州占比,False,0.25
vtfs,interstate_ratio,跨州交易占比,True,0.2833333333333333
vtfs,avg_distance_km,平均买卖家距离,False,0.38333333333333336
vtfs,seller_state_frequency,已观察卖家州频率,False,0.016666666666666666
vtfs,marketing_origin_frequency,已成交营销来源频率,False,0.0
vtfs,has_marketing_deal,月末已匹配营销成交,False,0.45
dl_jacobian,avg_price,平均商品价格,True,1.0
dl_jacobian,avg_freight,平均运费,False,0.0
dl_jacobian,avg_product_weight_g,平均商品重量,True,0.8
dl_jacobian,avg_product_length_cm,平均商品长度,False,0.03333333333333333
dl_jacobian,avg_product_height_cm,平均商品高度,False,0.05
dl_jacobian,avg_product_width_cm,平均商品宽度,False,0.08333333333333333
dl_jacobian,avg_product_photos_qty,平均商品图片数,False,0.0
dl_jacobian,avg_product_name_length,平均商品标题长度,False,0.06666666666666667
dl_jacobian,avg_product_description_length,平均商品描述长度,False,0.0
dl_jacobian,avg_payment_installments,平均支付分期期数,False,0.18333333333333332
dl_jacobian,avg_payment_sequential,平均支付序列数,False,0.0
dl_jacobian,credit_card_ratio,信用卡支付占比,False,0.0
dl_jacobian,boleto_ratio,Boleto支付占比,False,0.06666666666666667
dl_jacobian,voucher_ratio,代金券支付占比,False,0.0
dl_jacobian,debit_card_ratio,借记卡支付占比,False,0.0
dl_jacobian,avg_review_score,月末可见平均评价,True,0.9
dl_jacobian,avg_delivery_days,月末已送达平均天数,True,1.0
dl_jacobian,avg_approval_days,月末已审核平均天数,False,0.03333333333333333
dl_jacobian,avg_ship_days,月末已承运平均准备天数,True,0.6833333333333333
dl_jacobian,avg_estimate_gap_days,月末已送达预计提前天数,True,0.9833333333333333
dl_jacobian,item_count,购买件数,True,1.0
dl_jacobian,order_count,购买订单数,True,1.0
dl_jacobian,category_count,活跃品类数,False,0.16666666666666666
dl_jacobian,unique_customer_count,独立顾客数,True,1.0
dl_jacobian,buyer_state_diversity,买家州数量,True,1.0
dl_jacobian,dominant_customer_state_share,第一大买家州占比,False,0.2
dl_jacobian,interstate_ratio,跨州交易占比,True,0.75
dl_jacobian,avg_distance_km,平均买卖家距离,True,0.95
dl_jacobian,seller_state_frequency,已观察卖家州频率,False,0.05
dl_jacobian,marketing_origin_frequency,已成交营销来源频率,False,0.0
dl_jacobian,has_marketing_deal,月末已匹配营销成交,False,0.0
dl_jacobian_lossrank,avg_price,平均商品价格,True,1.0
dl_jacobian_lossrank,avg_freight,平均运费,False,0.016666666666666666
dl_jacobian_lossrank,avg_product_weight_g,平均商品重量,True,0.7666666666666667
dl_jacobian_lossrank,avg_product_length_cm,平均商品长度,False,0.08333333333333333
dl_jacobian_lossrank,avg_product_height_cm,平均商品高度,False,0.06666666666666667
dl_jacobian_lossrank,avg_product_width_cm,平均商品宽度,False,0.06666666666666667
dl_jacobian_lossrank,avg_product_photos_qty,平均商品图片数,False,0.0
dl_jacobian_lossrank,avg_product_name_length,平均商品标题长度,False,0.1
dl_jacobian_lossrank,avg_product_description_length,平均商品描述长度,False,0.0
dl_jacobian_lossrank,avg_payment_installments,平均支付分期期数,False,0.08333333333333333
dl_jacobian_lossrank,avg_payment_sequential,平均支付序列数,False,0.0
dl_jacobian_lossrank,credit_card_ratio,信用卡支付占比,False,0.0
dl_jacobian_lossrank,boleto_ratio,Boleto支付占比,False,0.1
dl_jacobian_lossrank,voucher_ratio,代金券支付占比,False,0.0
dl_jacobian_lossrank,debit_card_ratio,借记卡支付占比,False,0.0
dl_jacobian_lossrank,avg_review_score,月末可见平均评价,True,0.9
dl_jacobian_lossrank,avg_delivery_days,月末已送达平均天数,True,1.0
dl_jacobian_lossrank,avg_approval_days,月末已审核平均天数,False,0.0
dl_jacobian_lossrank,avg_ship_days,月末已承运平均准备天数,True,0.6
dl_jacobian_lossrank,avg_estimate_gap_days,月末已送达预计提前天数,True,0.9666666666666667
dl_jacobian_lossrank,item_count,购买件数,True,1.0
dl_jacobian_lossrank,order_count,购买订单数,True,1.0
dl_jacobian_lossrank,category_count,活跃品类数,False,0.35
dl_jacobian_lossrank,unique_customer_count,独立顾客数,True,1.0
dl_jacobian_lossrank,buyer_state_diversity,买家州数量,True,0.9833333333333333
dl_jacobian_lossrank,dominant_customer_state_share,第一大买家州占比,True,0.25
dl_jacobian_lossrank,interstate_ratio,跨州交易占比,False,0.6833333333333333
dl_jacobian_lossrank,avg_distance_km,平均买卖家距离,True,0.95
dl_jacobian_lossrank,seller_state_frequency,已观察卖家州频率,False,0.03333333333333333
dl_jacobian_lossrank,marketing_origin_frequency,已成交营销来源频率,False,0.0
dl_jacobian_lossrank,has_marketing_deal,月末已匹配营销成交,False,0.0
dl_score_only,avg_price,平均商品价格,True,1.0
dl_score_only,avg_freight,平均运费,False,0.03333333333333333
dl_score_only,avg_product_weight_g,平均商品重量,True,0.48333333333333334
dl_score_only,avg_product_length_cm,平均商品长度,False,0.0
dl_score_only,avg_product_height_cm,平均商品高度,False,0.016666666666666666
dl_score_only,avg_product_width_cm,平均商品宽度,False,0.0
dl_score_only,avg_product_photos_qty,平均商品图片数,False,0.0
dl_score_only,avg_product_name_length,平均商品标题长度,False,0.21666666666666667
dl_score_only,avg_product_description_length,平均商品描述长度,False,0.06666666666666667
dl_score_only,avg_payment_installments,平均支付分期期数,False,0.6666666666666666
dl_score_only,avg_payment_sequential,平均支付序列数,False,0.0
dl_score_only,credit_card_ratio,信用卡支付占比,False,0.0
dl_score_only,boleto_ratio,Boleto支付占比,False,0.0
dl_score_only,voucher_ratio,代金券支付占比,False,0.0
dl_score_only,debit_card_ratio,借记卡支付占比,False,0.0
dl_score_only,avg_review_score,月末可见平均评价,True,0.9666666666666667
dl_score_only,avg_delivery_days,月末已送达平均天数,True,0.9833333333333333
dl_score_only,avg_approval_days,月末已审核平均天数,False,0.05
dl_score_only,avg_ship_days,月末已承运平均准备天数,True,0.48333333333333334
dl_score_only,avg_estimate_gap_days,月末已送达预计提前天数,True,0.9666666666666667
dl_score_only,item_count,购买件数,True,1.0
dl_score_only,order_count,购买订单数,True,1.0
dl_score_only,category_count,活跃品类数,False,0.1
dl_score_only,unique_customer_count,独立顾客数,True,1.0
dl_score_only,buyer_state_diversity,买家州数量,True,1.0
dl_score_only,dominant_customer_state_share,第一大买家州占比,True,1.0
dl_score_only,interstate_ratio,跨州交易占比,False,0.11666666666666667
dl_score_only,avg_distance_km,平均买卖家距离,True,0.85
dl_score_only,seller_state_frequency,已观察卖家州频率,False,0.0
dl_score_only,marketing_origin_frequency,已成交营销来源频率,False,0.0
dl_score_only,has_marketing_deal,月末已匹配营销成交,False,0.0
tabm_budget_gate,avg_price,平均商品价格,True,1.0
tabm_budget_gate,avg_freight,平均运费,False,0.05
tabm_budget_gate,avg_product_weight_g,平均商品重量,True,0.7166666666666667
tabm_budget_gate,avg_product_length_cm,平均商品长度,False,0.06666666666666667
tabm_budget_gate,avg_product_height_cm,平均商品高度,False,0.0
tabm_budget_gate,avg_product_width_cm,平均商品宽度,False,0.0
tabm_budget_gate,avg_product_photos_qty,平均商品图片数,False,0.0
tabm_budget_gate,avg_product_name_length,平均商品标题长度,False,0.18333333333333332
tabm_budget_gate,avg_product_description_length,平均商品描述长度,False,0.23333333333333334
tabm_budget_gate,avg_payment_installments,平均支付分期期数,False,0.2
tabm_budget_gate,avg_payment_sequential,平均支付序列数,False,0.0
tabm_budget_gate,credit_card_ratio,信用卡支付占比,False,0.0
tabm_budget_gate,boleto_ratio,Boleto支付占比,False,0.0
tabm_budget_gate,voucher_ratio,代金券支付占比,False,0.0
tabm_budget_gate,debit_card_ratio,借记卡支付占比,False,0.0
tabm_budget_gate,avg_review_score,月末可见平均评价,True,0.8833333333333333
tabm_budget_gate,avg_delivery_days,月末已送达平均天数,True,1.0
tabm_budget_gate,avg_approval_days,月末已审核平均天数,False,0.06666666666666667
tabm_budget_gate,avg_ship_days,月末已承运平均准备天数,True,0.65
tabm_budget_gate,avg_estimate_gap_days,月末已送达预计提前天数,True,1.0
tabm_budget_gate,item_count,购买件数,True,0.8833333333333333
tabm_budget_gate,order_count,购买订单数,True,1.0
tabm_budget_gate,category_count,活跃品类数,False,0.05
tabm_budget_gate,unique_customer_count,独立顾客数,True,1.0
tabm_budget_gate,buyer_state_diversity,买家州数量,True,0.8666666666666667
tabm_budget_gate,dominant_customer_state_share,第一大买家州占比,True,0.8
tabm_budget_gate,interstate_ratio,跨州交易占比,False,0.36666666666666664
tabm_budget_gate,avg_distance_km,平均买卖家距离,True,0.8833333333333333
tabm_budget_gate,seller_state_frequency,已观察卖家州频率,False,0.1
tabm_budget_gate,marketing_origin_frequency,已成交营销来源频率,False,0.0
tabm_budget_gate,has_marketing_deal,月末已匹配营销成交,False,0.0
ep_regression,avg_price,平均商品价格,True,1.0
ep_regression,avg_freight,平均运费,False,0.23333333333333334
ep_regression,avg_product_weight_g,平均商品重量,True,0.65
ep_regression,avg_product_length_cm,平均商品长度,False,0.1
ep_regression,avg_product_height_cm,平均商品高度,False,0.1
ep_regression,avg_product_width_cm,平均商品宽度,False,0.11666666666666667
ep_regression,avg_product_photos_qty,平均商品图片数,False,0.05
ep_regression,avg_product_name_length,平均商品标题长度,True,0.7
ep_regression,avg_product_description_length,平均商品描述长度,False,0.18333333333333332
ep_regression,avg_payment_installments,平均支付分期期数,False,0.26666666666666666
ep_regression,avg_payment_sequential,平均支付序列数,False,0.08333333333333333
ep_regression,credit_card_ratio,信用卡支付占比,False,0.08333333333333333
ep_regression,boleto_ratio,Boleto支付占比,False,0.06666666666666667
ep_regression,voucher_ratio,代金券支付占比,False,0.03333333333333333
ep_regression,debit_card_ratio,借记卡支付占比,False,0.0
ep_regression,avg_review_score,月末可见平均评价,True,0.8666666666666667
ep_regression,avg_delivery_days,月末已送达平均天数,True,1.0
ep_regression,avg_approval_days,月末已审核平均天数,False,0.21666666666666667
ep_regression,avg_ship_days,月末已承运平均准备天数,False,0.25
ep_regression,avg_estimate_gap_days,月末已送达预计提前天数,False,0.6333333333333333
ep_regression,item_count,购买件数,True,0.8833333333333333
ep_regression,order_count,购买订单数,True,0.85
ep_regression,category_count,活跃品类数,False,0.0
ep_regression,unique_customer_count,独立顾客数,False,0.38333333333333336
ep_regression,buyer_state_diversity,买家州数量,True,0.5666666666666667
ep_regression,dominant_customer_state_share,第一大买家州占比,True,0.6166666666666667
ep_regression,interstate_ratio,跨州交易占比,True,0.6666666666666666
ep_regression,avg_distance_km,平均买卖家距离,True,0.9666666666666667
ep_regression,seller_state_frequency,已观察卖家州频率,True,0.43333333333333335
ep_regression,marketing_origin_frequency,已成交营销来源频率,False,0.0
ep_regression,has_marketing_deal,月末已匹配营销成交,False,0.0
ep_refresh,avg_price,平均商品价格,True,0.9666666666666667
ep_refresh,avg_freight,平均运费,True,0.6
ep_refresh,avg_product_weight_g,平均商品重量,True,0.43333333333333335
ep_refresh,avg_product_length_cm,平均商品长度,False,0.26666666666666666
ep_refresh,avg_product_height_cm,平均商品高度,False,0.3333333333333333
ep_refresh,avg_product_width_cm,平均商品宽度,True,0.21666666666666667
ep_refresh,avg_product_photos_qty,平均商品图片数,False,0.25
ep_refresh,avg_product_name_length,平均商品标题长度,False,0.3333333333333333
ep_refresh,avg_product_description_length,平均商品描述长度,True,0.21666666666666667
ep_refresh,avg_payment_installments,平均支付分期期数,True,0.7
ep_refresh,avg_payment_sequential,平均支付序列数,False,0.16666666666666666
ep_refresh,credit_card_ratio,信用卡支付占比,True,0.35
ep_refresh,boleto_ratio,Boleto支付占比,False,0.4166666666666667
ep_refresh,voucher_ratio,代金券支付占比,False,0.16666666666666666
ep_refresh,debit_card_ratio,借记卡支付占比,False,0.0
ep_refresh,avg_review_score,月末可见平均评价,False,0.23333333333333334
ep_refresh,avg_delivery_days,月末已送达平均天数,False,0.2833333333333333
ep_refresh,avg_approval_days,月末已审核平均天数,False,0.4166666666666667
ep_refresh,avg_ship_days,月末已承运平均准备天数,False,0.25
ep_refresh,avg_estimate_gap_days,月末已送达预计提前天数,False,0.31666666666666665
ep_refresh,item_count,购买件数,True,0.8333333333333334
ep_refresh,order_count,购买订单数,True,0.75
ep_refresh,category_count,活跃品类数,False,0.23333333333333334
ep_refresh,unique_customer_count,独立顾客数,True,0.8166666666666667
ep_refresh,buyer_state_diversity,买家州数量,True,0.7833333333333333
ep_refresh,dominant_customer_state_share,第一大买家州占比,True,0.8
ep_refresh,interstate_ratio,跨州交易占比,False,0.2833333333333333
ep_refresh,avg_distance_km,平均买卖家距离,False,0.4
ep_refresh,seller_state_frequency,已观察卖家州频率,False,0.18333333333333332
ep_refresh,marketing_origin_frequency,已成交营销来源频率,False,0.0
ep_refresh,has_marketing_deal,月末已匹配营销成交,False,0.0
ep_dispersion,avg_price,平均商品价格,True,0.9833333333333333
ep_dispersion,avg_freight,平均运费,True,0.6
ep_dispersion,avg_product_weight_g,平均商品重量,True,0.38333333333333336
ep_dispersion,avg_product_length_cm,平均商品长度,False,0.35
ep_dispersion,avg_product_height_cm,平均商品高度,False,0.31666666666666665
ep_dispersion,avg_product_width_cm,平均商品宽度,False,0.35
ep_dispersion,avg_product_photos_qty,平均商品图片数,False,0.23333333333333334
ep_dispersion,avg_product_name_length,平均商品标题长度,True,0.31666666666666665
ep_dispersion,avg_product_description_length,平均商品描述长度,True,0.23333333333333334
ep_dispersion,avg_payment_installments,平均支付分期期数,True,0.55
ep_dispersion,avg_payment_sequential,平均支付序列数,False,0.16666666666666666
ep_dispersion,credit_card_ratio,信用卡支付占比,False,0.38333333333333336
ep_dispersion,boleto_ratio,Boleto支付占比,False,0.4166666666666667
ep_dispersion,voucher_ratio,代金券支付占比,False,0.16666666666666666
ep_dispersion,debit_card_ratio,借记卡支付占比,False,0.0
ep_dispersion,avg_review_score,月末可见平均评价,False,0.21666666666666667
ep_dispersion,avg_delivery_days,月末已送达平均天数,True,0.3
ep_dispersion,avg_approval_days,月末已审核平均天数,False,0.35
ep_dispersion,avg_ship_days,月末已承运平均准备天数,False,0.23333333333333334
ep_dispersion,avg_estimate_gap_days,月末已送达预计提前天数,False,0.35
ep_dispersion,item_count,购买件数,True,0.8166666666666667
ep_dispersion,order_count,购买订单数,True,0.7833333333333333
ep_dispersion,category_count,活跃品类数,False,0.08333333333333333
ep_dispersion,unique_customer_count,独立顾客数,True,0.75
ep_dispersion,buyer_state_diversity,买家州数量,True,0.75
ep_dispersion,dominant_customer_state_share,第一大买家州占比,True,0.9
ep_dispersion,interstate_ratio,跨州交易占比,False,0.4166666666666667
ep_dispersion,avg_distance_km,平均买卖家距离,False,0.4
ep_dispersion,seller_state_frequency,已观察卖家州频率,False,0.2
ep_dispersion,marketing_origin_frequency,已成交营销来源频率,False,0.0
ep_dispersion,has_marketing_deal,月末已匹配营销成交,False,0.0
vtfs_cardinality,avg_price,平均商品价格,True,1.0
vtfs_cardinality,avg_freight,平均运费,False,0.36666666666666664
vtfs_cardinality,avg_product_weight_g,平均商品重量,False,0.05
vtfs_cardinality,avg_product_length_cm,平均商品长度,False,0.3333333333333333
vtfs_cardinality,avg_product_height_cm,平均商品高度,False,0.15
vtfs_cardinality,avg_product_width_cm,平均商品宽度,False,0.5333333333333333
vtfs_cardinality,avg_product_photos_qty,平均商品图片数,False,0.11666666666666667
vtfs_cardinality,avg_product_name_length,平均商品标题长度,True,0.25
vtfs_cardinality,avg_product_description_length,平均商品描述长度,True,0.43333333333333335
vtfs_cardinality,avg_payment_installments,平均支付分期期数,False,0.0
vtfs_cardinality,avg_payment_sequential,平均支付序列数,False,0.2833333333333333
vtfs_cardinality,credit_card_ratio,信用卡支付占比,False,0.18333333333333332
vtfs_cardinality,boleto_ratio,Boleto支付占比,True,0.55
vtfs_cardinality,voucher_ratio,代金券支付占比,True,0.55
vtfs_cardinality,debit_card_ratio,借记卡支付占比,False,0.03333333333333333
vtfs_cardinality,avg_review_score,月末可见平均评价,False,0.18333333333333332
vtfs_cardinality,avg_delivery_days,月末已送达平均天数,True,0.8666666666666667
vtfs_cardinality,avg_approval_days,月末已审核平均天数,False,0.6
vtfs_cardinality,avg_ship_days,月末已承运平均准备天数,False,0.15
vtfs_cardinality,avg_estimate_gap_days,月末已送达预计提前天数,False,0.23333333333333334
vtfs_cardinality,item_count,购买件数,False,0.5833333333333334
vtfs_cardinality,order_count,购买订单数,True,0.6833333333333333
vtfs_cardinality,category_count,活跃品类数,True,0.5
vtfs_cardinality,unique_customer_count,独立顾客数,True,0.9666666666666667
vtfs_cardinality,buyer_state_diversity,买家州数量,False,0.26666666666666666
vtfs_cardinality,dominant_customer_state_share,第一大买家州占比,True,0.5166666666666667
vtfs_cardinality,interstate_ratio,跨州交易占比,True,0.8333333333333334
vtfs_cardinality,avg_distance_km,平均买卖家距离,False,0.35
vtfs_cardinality,seller_state_frequency,已观察卖家州频率,False,0.16666666666666666
vtfs_cardinality,marketing_origin_frequency,已成交营销来源频率,False,0.11666666666666667
vtfs_cardinality,has_marketing_deal,月末已匹配营销成交,True,0.15
vtfs_pairrank,avg_price,平均商品价格,True,1.0
vtfs_pairrank,avg_freight,平均运费,False,0.31666666666666665
vtfs_pairrank,avg_product_weight_g,平均商品重量,False,0.11666666666666667
vtfs_pairrank,avg_product_length_cm,平均商品长度,True,0.38333333333333336
vtfs_pairrank,avg_product_height_cm,平均商品高度,False,0.15
vtfs_pairrank,avg_product_width_cm,平均商品宽度,True,0.3333333333333333
vtfs_pairrank,avg_product_photos_qty,平均商品图片数,False,0.03333333333333333
vtfs_pairrank,avg_product_name_length,平均商品标题长度,False,0.3
vtfs_pairrank,avg_product_description_length,平均商品描述长度,False,0.5833333333333334
vtfs_pairrank,avg_payment_installments,平均支付分期期数,True,0.03333333333333333
vtfs_pairrank,avg_payment_sequential,平均支付序列数,False,0.11666666666666667
vtfs_pairrank,credit_card_ratio,信用卡支付占比,False,0.18333333333333332
vtfs_pairrank,boleto_ratio,Boleto支付占比,False,0.5166666666666667
vtfs_pairrank,voucher_ratio,代金券支付占比,True,0.4
vtfs_pairrank,debit_card_ratio,借记卡支付占比,False,0.05
vtfs_pairrank,avg_review_score,月末可见平均评价,False,0.18333333333333332
vtfs_pairrank,avg_delivery_days,月末已送达平均天数,True,0.85
vtfs_pairrank,avg_approval_days,月末已审核平均天数,True,0.5833333333333334
vtfs_pairrank,avg_ship_days,月末已承运平均准备天数,False,0.1
vtfs_pairrank,avg_estimate_gap_days,月末已送达预计提前天数,False,0.26666666666666666
vtfs_pairrank,item_count,购买件数,False,0.6666666666666666
vtfs_pairrank,order_count,购买订单数,True,0.75
vtfs_pairrank,category_count,活跃品类数,False,0.6333333333333333
vtfs_pairrank,unique_customer_count,独立顾客数,True,0.9166666666666666
vtfs_pairrank,buyer_state_diversity,买家州数量,False,0.2833333333333333
vtfs_pairrank,dominant_customer_state_share,第一大买家州占比,True,0.48333333333333334
vtfs_pairrank,interstate_ratio,跨州交易占比,True,0.8666666666666667
vtfs_pairrank,avg_distance_km,平均买卖家距离,True,0.43333333333333335
vtfs_pairrank,seller_state_frequency,已观察卖家州频率,False,0.15
vtfs_pairrank,marketing_origin_frequency,已成交营销来源频率,False,0.11666666666666667
vtfs_pairrank,has_marketing_deal,月末已匹配营销成交,False,0.2
random_k_search,avg_price,平均商品价格,True,1.0
random_k_search,avg_freight,平均运费,False,0.1
random_k_search,avg_product_weight_g,平均商品重量,False,0.016666666666666666
random_k_search,avg_product_length_cm,平均商品长度,True,0.48333333333333334
random_k_search,avg_product_height_cm,平均商品高度,True,0.45
random_k_search,avg_product_width_cm,平均商品宽度,True,0.4
random_k_search,avg_product_photos_qty,平均商品图片数,False,0.0
random_k_search,avg_product_name_length,平均商品标题长度,False,0.5833333333333334
random_k_search,avg_product_description_length,平均商品描述长度,False,0.31666666666666665
random_k_search,avg_payment_installments,平均支付分期期数,False,0.0
random_k_search,avg_payment_sequential,平均支付序列数,False,0.4
random_k_search,credit_card_ratio,信用卡支付占比,False,0.3
random_k_search,boleto_ratio,Boleto支付占比,True,0.6333333333333333
random_k_search,voucher_ratio,代金券支付占比,False,0.31666666666666665
random_k_search,debit_card_ratio,借记卡支付占比,False,0.11666666666666667
random_k_search,avg_review_score,月末可见平均评价,False,0.21666666666666667
random_k_search,avg_delivery_days,月末已送达平均天数,True,0.8333333333333334
random_k_search,avg_approval_days,月末已审核平均天数,True,0.2833333333333333
random_k_search,avg_ship_days,月末已承运平均准备天数,False,0.4
random_k_search,avg_estimate_gap_days,月末已送达预计提前天数,False,0.16666666666666666
random_k_search,item_count,购买件数,False,0.7833333333333333
random_k_search,order_count,购买订单数,True,0.65
random_k_search,category_count,活跃品类数,False,0.5666666666666667
random_k_search,unique_customer_count,独立顾客数,True,0.7166666666666667
random_k_search,buyer_state_diversity,买家州数量,False,0.38333333333333336
random_k_search,dominant_customer_state_share,第一大买家州占比,True,0.2
random_k_search,interstate_ratio,跨州交易占比,True,0.85
random_k_search,avg_distance_km,平均买卖家距离,True,0.3333333333333333
random_k_search,seller_state_frequency,已观察卖家州频率,False,0.08333333333333333
random_k_search,marketing_origin_frequency,已成交营销来源频率,False,0.13333333333333333
random_k_search,has_marketing_deal,月末已匹配营销成交,False,0.2833333333333333
