method,run,fraction,size,empty
lasso_pair_q20,half_00_A,0.5,0,True
linear_orbit_student,half_00_A,0.5,0,True
xgb_naive,half_00_A,0.5,0,True
xgb_midpoint,half_00_A,0.5,0,True
xgb_orbit,half_00_A,0.5,0,True
xgb_orbit_student,half_00_A,0.5,0,True
tabm_naive,half_00_A,0.5,0,True
tabm_midpoint,half_00_A,0.5,0,True
tabm_orbit,half_00_A,0.5,0,True
tabm_orbit_student,half_00_A,0.5,0,True
lasso_pair_q20,half_00_B,0.5,0,True
linear_orbit_student,half_00_B,0.5,0,True
xgb_naive,half_00_B,0.5,5,False
xgb_midpoint,half_00_B,0.5,5,False
xgb_orbit,half_00_B,0.5,5,False
xgb_orbit_student,half_00_B,0.5,15,False
tabm_naive,half_00_B,0.5,0,True
tabm_midpoint,half_00_B,0.5,0,True
tabm_orbit,half_00_B,0.5,0,True
tabm_orbit_student,half_00_B,0.5,6,False
lasso_pair_q20,half_01_A,0.5,0,True
linear_orbit_student,half_01_A,0.5,0,True
xgb_naive,half_01_A,0.5,0,True
xgb_midpoint,half_01_A,0.5,0,True
xgb_orbit,half_01_A,0.5,0,True
xgb_orbit_student,half_01_A,0.5,0,True
tabm_naive,half_01_A,0.5,5,False
tabm_midpoint,half_01_A,0.5,5,False
tabm_orbit,half_01_A,0.5,5,False
tabm_orbit_student,half_01_A,0.5,0,True
lasso_pair_q20,half_01_B,0.5,0,True
linear_orbit_student,half_01_B,0.5,0,True
xgb_naive,half_01_B,0.5,0,True
xgb_midpoint,half_01_B,0.5,0,True
xgb_orbit,half_01_B,0.5,0,True
xgb_orbit_student,half_01_B,0.5,0,True
tabm_naive,half_01_B,0.5,0,True
tabm_midpoint,half_01_B,0.5,0,True
tabm_orbit,half_01_B,0.5,0,True
tabm_orbit_student,half_01_B,0.5,0,True
lasso_pair_q20,half_02_A,0.5,8,False
linear_orbit_student,half_02_A,0.5,0,True
xgb_naive,half_02_A,0.5,0,True
xgb_midpoint,half_02_A,0.5,0,True
xgb_orbit,half_02_A,0.5,0,True
xgb_orbit_student,half_02_A,0.5,0,True
tabm_naive,half_02_A,0.5,10,False
tabm_midpoint,half_02_A,0.5,10,False
tabm_orbit,half_02_A,0.5,10,False
tabm_orbit_student,half_02_A,0.5,0,True
lasso_pair_q20,half_02_B,0.5,0,True
linear_orbit_student,half_02_B,0.5,0,True
xgb_naive,half_02_B,0.5,0,True
xgb_midpoint,half_02_B,0.5,0,True
xgb_orbit,half_02_B,0.5,0,True
xgb_orbit_student,half_02_B,0.5,7,False
tabm_naive,half_02_B,0.5,0,True
tabm_midpoint,half_02_B,0.5,0,True
tabm_orbit,half_02_B,0.5,0,True
tabm_orbit_student,half_02_B,0.5,0,True
lasso_pair_q20,half_03_A,0.5,0,True
linear_orbit_student,half_03_A,0.5,0,True
xgb_naive,half_03_A,0.5,0,True
xgb_midpoint,half_03_A,0.5,0,True
xgb_orbit,half_03_A,0.5,0,True
xgb_orbit_student,half_03_A,0.5,0,True
tabm_naive,half_03_A,0.5,0,True
tabm_midpoint,half_03_A,0.5,0,True
tabm_orbit,half_03_A,0.5,0,True
tabm_orbit_student,half_03_A,0.5,0,True
lasso_pair_q20,half_03_B,0.5,0,True
linear_orbit_student,half_03_B,0.5,0,True
xgb_naive,half_03_B,0.5,0,True
xgb_midpoint,half_03_B,0.5,0,True
xgb_orbit,half_03_B,0.5,0,True
xgb_orbit_student,half_03_B,0.5,5,False
tabm_naive,half_03_B,0.5,0,True
tabm_midpoint,half_03_B,0.5,0,True
tabm_orbit,half_03_B,0.5,0,True
tabm_orbit_student,half_03_B,0.5,0,True
lasso_pair_q20,half_04_A,0.5,0,True
linear_orbit_student,half_04_A,0.5,0,True
xgb_naive,half_04_A,0.5,10,False
xgb_midpoint,half_04_A,0.5,6,False
xgb_orbit,half_04_A,0.5,10,False
xgb_orbit_student,half_04_A,0.5,0,True
tabm_naive,half_04_A,0.5,0,True
tabm_midpoint,half_04_A,0.5,0,True
tabm_orbit,half_04_A,0.5,0,True
tabm_orbit_student,half_04_A,0.5,0,True
lasso_pair_q20,half_04_B,0.5,0,True
linear_orbit_student,half_04_B,0.5,0,True
xgb_naive,half_04_B,0.5,0,True
xgb_midpoint,half_04_B,0.5,0,True
xgb_orbit,half_04_B,0.5,0,True
xgb_orbit_student,half_04_B,0.5,0,True
tabm_naive,half_04_B,0.5,0,True
tabm_midpoint,half_04_B,0.5,0,True
tabm_orbit,half_04_B,0.5,0,True
tabm_orbit_student,half_04_B,0.5,6,False
lasso_pair_q20,half_05_A,0.5,5,False
linear_orbit_student,half_05_A,0.5,7,False
xgb_naive,half_05_A,0.5,0,True
xgb_midpoint,half_05_A,0.5,0,True
xgb_orbit,half_05_A,0.5,0,True
xgb_orbit_student,half_05_A,0.5,8,False
tabm_naive,half_05_A,0.5,0,True
tabm_midpoint,half_05_A,0.5,0,True
tabm_orbit,half_05_A,0.5,0,True
tabm_orbit_student,half_05_A,0.5,11,False
lasso_pair_q20,half_05_B,0.5,5,False
linear_orbit_student,half_05_B,0.5,6,False
xgb_naive,half_05_B,0.5,0,True
xgb_midpoint,half_05_B,0.5,0,True
xgb_orbit,half_05_B,0.5,0,True
xgb_orbit_student,half_05_B,0.5,0,True
tabm_naive,half_05_B,0.5,15,False
tabm_midpoint,half_05_B,0.5,15,False
tabm_orbit,half_05_B,0.5,15,False
tabm_orbit_student,half_05_B,0.5,0,True
lasso_pair_q20,half_06_A,0.5,0,True
linear_orbit_student,half_06_A,0.5,5,False
xgb_naive,half_06_A,0.5,0,True
xgb_midpoint,half_06_A,0.5,0,True
xgb_orbit,half_06_A,0.5,0,True
xgb_orbit_student,half_06_A,0.5,0,True
tabm_naive,half_06_A,0.5,0,True
tabm_midpoint,half_06_A,0.5,0,True
tabm_orbit,half_06_A,0.5,0,True
tabm_orbit_student,half_06_A,0.5,0,True
lasso_pair_q20,half_06_B,0.5,0,True
linear_orbit_student,half_06_B,0.5,0,True
xgb_naive,half_06_B,0.5,0,True
xgb_midpoint,half_06_B,0.5,0,True
xgb_orbit,half_06_B,0.5,0,True
xgb_orbit_student,half_06_B,0.5,0,True
tabm_naive,half_06_B,0.5,7,False
tabm_midpoint,half_06_B,0.5,7,False
tabm_orbit,half_06_B,0.5,7,False
tabm_orbit_student,half_06_B,0.5,0,True
lasso_pair_q20,half_07_A,0.5,0,True
linear_orbit_student,half_07_A,0.5,0,True
xgb_naive,half_07_A,0.5,5,False
xgb_midpoint,half_07_A,0.5,5,False
xgb_orbit,half_07_A,0.5,5,False
xgb_orbit_student,half_07_A,0.5,6,False
tabm_naive,half_07_A,0.5,5,False
tabm_midpoint,half_07_A,0.5,5,False
tabm_orbit,half_07_A,0.5,5,False
tabm_orbit_student,half_07_A,0.5,11,False
lasso_pair_q20,half_07_B,0.5,6,False
linear_orbit_student,half_07_B,0.5,0,True
xgb_naive,half_07_B,0.5,0,True
xgb_midpoint,half_07_B,0.5,0,True
xgb_orbit,half_07_B,0.5,0,True
xgb_orbit_student,half_07_B,0.5,0,True
tabm_naive,half_07_B,0.5,0,True
tabm_midpoint,half_07_B,0.5,0,True
tabm_orbit,half_07_B,0.5,0,True
tabm_orbit_student,half_07_B,0.5,0,True
lasso_pair_q20,half_08_A,0.5,0,True
linear_orbit_student,half_08_A,0.5,0,True
xgb_naive,half_08_A,0.5,0,True
xgb_midpoint,half_08_A,0.5,0,True
xgb_orbit,half_08_A,0.5,0,True
xgb_orbit_student,half_08_A,0.5,5,False
tabm_naive,half_08_A,0.5,0,True
tabm_midpoint,half_08_A,0.5,0,True
tabm_orbit,half_08_A,0.5,0,True
tabm_orbit_student,half_08_A,0.5,0,True
lasso_pair_q20,half_08_B,0.5,11,False
linear_orbit_student,half_08_B,0.5,13,False
xgb_naive,half_08_B,0.5,11,False
xgb_midpoint,half_08_B,0.5,7,False
xgb_orbit,half_08_B,0.5,10,False
xgb_orbit_student,half_08_B,0.5,0,True
tabm_naive,half_08_B,0.5,6,False
tabm_midpoint,half_08_B,0.5,6,False
tabm_orbit,half_08_B,0.5,6,False
tabm_orbit_student,half_08_B,0.5,0,True
lasso_pair_q20,half_09_A,0.5,0,True
linear_orbit_student,half_09_A,0.5,8,False
xgb_naive,half_09_A,0.5,0,True
xgb_midpoint,half_09_A,0.5,5,False
xgb_orbit,half_09_A,0.5,0,True
xgb_orbit_student,half_09_A,0.5,0,True
tabm_naive,half_09_A,0.5,0,True
tabm_midpoint,half_09_A,0.5,0,True
tabm_orbit,half_09_A,0.5,0,True
tabm_orbit_student,half_09_A,0.5,0,True
lasso_pair_q20,half_09_B,0.5,0,True
linear_orbit_student,half_09_B,0.5,0,True
xgb_naive,half_09_B,0.5,5,False
xgb_midpoint,half_09_B,0.5,5,False
xgb_orbit,half_09_B,0.5,5,False
xgb_orbit_student,half_09_B,0.5,12,False
tabm_naive,half_09_B,0.5,0,True
tabm_midpoint,half_09_B,0.5,0,True
tabm_orbit,half_09_B,0.5,0,True
tabm_orbit_student,half_09_B,0.5,0,True
lasso_pair_q20,half_10_A,0.5,0,True
linear_orbit_student,half_10_A,0.5,0,True
xgb_naive,half_10_A,0.5,0,True
xgb_midpoint,half_10_A,0.5,0,True
xgb_orbit,half_10_A,0.5,0,True
xgb_orbit_student,half_10_A,0.5,0,True
tabm_naive,half_10_A,0.5,0,True
tabm_midpoint,half_10_A,0.5,0,True
tabm_orbit,half_10_A,0.5,0,True
tabm_orbit_student,half_10_A,0.5,0,True
lasso_pair_q20,half_10_B,0.5,0,True
linear_orbit_student,half_10_B,0.5,0,True
xgb_naive,half_10_B,0.5,0,True
xgb_midpoint,half_10_B,0.5,0,True
xgb_orbit,half_10_B,0.5,0,True
xgb_orbit_student,half_10_B,0.5,0,True
tabm_naive,half_10_B,0.5,0,True
tabm_midpoint,half_10_B,0.5,0,True
tabm_orbit,half_10_B,0.5,0,True
tabm_orbit_student,half_10_B,0.5,0,True
lasso_pair_q20,half_11_A,0.5,0,True
linear_orbit_student,half_11_A,0.5,0,True
xgb_naive,half_11_A,0.5,0,True
xgb_midpoint,half_11_A,0.5,0,True
xgb_orbit,half_11_A,0.5,0,True
xgb_orbit_student,half_11_A,0.5,0,True
tabm_naive,half_11_A,0.5,0,True
tabm_midpoint,half_11_A,0.5,0,True
tabm_orbit,half_11_A,0.5,0,True
tabm_orbit_student,half_11_A,0.5,0,True
lasso_pair_q20,half_11_B,0.5,0,True
linear_orbit_student,half_11_B,0.5,0,True
xgb_naive,half_11_B,0.5,0,True
xgb_midpoint,half_11_B,0.5,0,True
xgb_orbit,half_11_B,0.5,0,True
xgb_orbit_student,half_11_B,0.5,0,True
tabm_naive,half_11_B,0.5,0,True
tabm_midpoint,half_11_B,0.5,0,True
tabm_orbit,half_11_B,0.5,0,True
tabm_orbit_student,half_11_B,0.5,0,True
lasso_pair_q20,half_12_A,0.5,0,True
linear_orbit_student,half_12_A,0.5,11,False
xgb_naive,half_12_A,0.5,0,True
xgb_midpoint,half_12_A,0.5,0,True
xgb_orbit,half_12_A,0.5,0,True
xgb_orbit_student,half_12_A,0.5,0,True
tabm_naive,half_12_A,0.5,0,True
tabm_midpoint,half_12_A,0.5,0,True
tabm_orbit,half_12_A,0.5,0,True
tabm_orbit_student,half_12_A,0.5,0,True
lasso_pair_q20,half_12_B,0.5,0,True
linear_orbit_student,half_12_B,0.5,0,True
xgb_naive,half_12_B,0.5,0,True
xgb_midpoint,half_12_B,0.5,0,True
xgb_orbit,half_12_B,0.5,0,True
xgb_orbit_student,half_12_B,0.5,0,True
tabm_naive,half_12_B,0.5,0,True
tabm_midpoint,half_12_B,0.5,0,True
tabm_orbit,half_12_B,0.5,0,True
tabm_orbit_student,half_12_B,0.5,0,True
lasso_pair_q20,half_13_A,0.5,0,True
linear_orbit_student,half_13_A,0.5,0,True
xgb_naive,half_13_A,0.5,6,False
xgb_midpoint,half_13_A,0.5,6,False
xgb_orbit,half_13_A,0.5,7,False
xgb_orbit_student,half_13_A,0.5,0,True
tabm_naive,half_13_A,0.5,0,True
tabm_midpoint,half_13_A,0.5,0,True
tabm_orbit,half_13_A,0.5,0,True
tabm_orbit_student,half_13_A,0.5,0,True
lasso_pair_q20,half_13_B,0.5,0,True
linear_orbit_student,half_13_B,0.5,0,True
xgb_naive,half_13_B,0.5,0,True
xgb_midpoint,half_13_B,0.5,0,True
xgb_orbit,half_13_B,0.5,0,True
xgb_orbit_student,half_13_B,0.5,0,True
tabm_naive,half_13_B,0.5,0,True
tabm_midpoint,half_13_B,0.5,0,True
tabm_orbit,half_13_B,0.5,0,True
tabm_orbit_student,half_13_B,0.5,0,True
lasso_pair_q20,half_14_A,0.5,0,True
linear_orbit_student,half_14_A,0.5,0,True
xgb_naive,half_14_A,0.5,6,False
xgb_midpoint,half_14_A,0.5,5,False
xgb_orbit,half_14_A,0.5,6,False
xgb_orbit_student,half_14_A,0.5,6,False
tabm_naive,half_14_A,0.5,7,False
tabm_midpoint,half_14_A,0.5,7,False
tabm_orbit,half_14_A,0.5,7,False
tabm_orbit_student,half_14_A,0.5,0,True
lasso_pair_q20,half_14_B,0.5,0,True
linear_orbit_student,half_14_B,0.5,5,False
xgb_naive,half_14_B,0.5,0,True
xgb_midpoint,half_14_B,0.5,0,True
xgb_orbit,half_14_B,0.5,0,True
xgb_orbit_student,half_14_B,0.5,0,True
tabm_naive,half_14_B,0.5,0,True
tabm_midpoint,half_14_B,0.5,5,False
tabm_orbit,half_14_B,0.5,5,False
tabm_orbit_student,half_14_B,0.5,0,True
lasso_pair_q20,half_15_A,0.5,0,True
linear_orbit_student,half_15_A,0.5,0,True
xgb_naive,half_15_A,0.5,0,True
xgb_midpoint,half_15_A,0.5,0,True
xgb_orbit,half_15_A,0.5,0,True
xgb_orbit_student,half_15_A,0.5,0,True
tabm_naive,half_15_A,0.5,0,True
tabm_midpoint,half_15_A,0.5,0,True
tabm_orbit,half_15_A,0.5,0,True
tabm_orbit_student,half_15_A,0.5,0,True
lasso_pair_q20,half_15_B,0.5,0,True
linear_orbit_student,half_15_B,0.5,0,True
xgb_naive,half_15_B,0.5,0,True
xgb_midpoint,half_15_B,0.5,0,True
xgb_orbit,half_15_B,0.5,0,True
xgb_orbit_student,half_15_B,0.5,0,True
tabm_naive,half_15_B,0.5,0,True
tabm_midpoint,half_15_B,0.5,0,True
tabm_orbit,half_15_B,0.5,0,True
tabm_orbit_student,half_15_B,0.5,0,True
lasso_pair_q20,half_16_A,0.5,0,True
linear_orbit_student,half_16_A,0.5,0,True
xgb_naive,half_16_A,0.5,0,True
xgb_midpoint,half_16_A,0.5,0,True
xgb_orbit,half_16_A,0.5,0,True
xgb_orbit_student,half_16_A,0.5,6,False
tabm_naive,half_16_A,0.5,5,False
tabm_midpoint,half_16_A,0.5,5,False
tabm_orbit,half_16_A,0.5,5,False
tabm_orbit_student,half_16_A,0.5,0,True
lasso_pair_q20,half_16_B,0.5,8,False
linear_orbit_student,half_16_B,0.5,0,True
xgb_naive,half_16_B,0.5,7,False
xgb_midpoint,half_16_B,0.5,7,False
xgb_orbit,half_16_B,0.5,8,False
xgb_orbit_student,half_16_B,0.5,0,True
tabm_naive,half_16_B,0.5,0,True
tabm_midpoint,half_16_B,0.5,5,False
tabm_orbit,half_16_B,0.5,15,False
tabm_orbit_student,half_16_B,0.5,0,True
lasso_pair_q20,half_17_A,0.5,0,True
linear_orbit_student,half_17_A,0.5,6,False
xgb_naive,half_17_A,0.5,20,False
xgb_midpoint,half_17_A,0.5,20,False
xgb_orbit,half_17_A,0.5,17,False
xgb_orbit_student,half_17_A,0.5,5,False
tabm_naive,half_17_A,0.5,18,False
tabm_midpoint,half_17_A,0.5,16,False
tabm_orbit,half_17_A,0.5,16,False
tabm_orbit_student,half_17_A,0.5,0,True
lasso_pair_q20,half_17_B,0.5,5,False
linear_orbit_student,half_17_B,0.5,0,True
xgb_naive,half_17_B,0.5,0,True
xgb_midpoint,half_17_B,0.5,5,False
xgb_orbit,half_17_B,0.5,5,False
xgb_orbit_student,half_17_B,0.5,0,True
tabm_naive,half_17_B,0.5,0,True
tabm_midpoint,half_17_B,0.5,0,True
tabm_orbit,half_17_B,0.5,0,True
tabm_orbit_student,half_17_B,0.5,0,True
lasso_pair_q20,half_18_A,0.5,0,True
linear_orbit_student,half_18_A,0.5,0,True
xgb_naive,half_18_A,0.5,0,True
xgb_midpoint,half_18_A,0.5,0,True
xgb_orbit,half_18_A,0.5,0,True
xgb_orbit_student,half_18_A,0.5,0,True
tabm_naive,half_18_A,0.5,0,True
tabm_midpoint,half_18_A,0.5,0,True
tabm_orbit,half_18_A,0.5,0,True
tabm_orbit_student,half_18_A,0.5,0,True
lasso_pair_q20,half_18_B,0.5,7,False
linear_orbit_student,half_18_B,0.5,7,False
xgb_naive,half_18_B,0.5,13,False
xgb_midpoint,half_18_B,0.5,13,False
xgb_orbit,half_18_B,0.5,13,False
xgb_orbit_student,half_18_B,0.5,7,False
tabm_naive,half_18_B,0.5,7,False
tabm_midpoint,half_18_B,0.5,7,False
tabm_orbit,half_18_B,0.5,7,False
tabm_orbit_student,half_18_B,0.5,0,True
lasso_pair_q20,half_19_A,0.5,8,False
linear_orbit_student,half_19_A,0.5,6,False
xgb_naive,half_19_A,0.5,5,False
xgb_midpoint,half_19_A,0.5,0,True
xgb_orbit,half_19_A,0.5,5,False
xgb_orbit_student,half_19_A,0.5,8,False
tabm_naive,half_19_A,0.5,6,False
tabm_midpoint,half_19_A,0.5,6,False
tabm_orbit,half_19_A,0.5,6,False
tabm_orbit_student,half_19_A,0.5,0,True
lasso_pair_q20,half_19_B,0.5,0,True
linear_orbit_student,half_19_B,0.5,0,True
xgb_naive,half_19_B,0.5,0,True
xgb_midpoint,half_19_B,0.5,0,True
xgb_orbit,half_19_B,0.5,0,True
xgb_orbit_student,half_19_B,0.5,0,True
tabm_naive,half_19_B,0.5,0,True
tabm_midpoint,half_19_B,0.5,0,True
tabm_orbit,half_19_B,0.5,0,True
tabm_orbit_student,half_19_B,0.5,0,True
lasso_pair_q20,half_20_A,0.5,0,True
linear_orbit_student,half_20_A,0.5,0,True
xgb_naive,half_20_A,0.5,13,False
xgb_midpoint,half_20_A,0.5,11,False
xgb_orbit,half_20_A,0.5,12,False
xgb_orbit_student,half_20_A,0.5,6,False
tabm_naive,half_20_A,0.5,0,True
tabm_midpoint,half_20_A,0.5,0,True
tabm_orbit,half_20_A,0.5,0,True
tabm_orbit_student,half_20_A,0.5,0,True
lasso_pair_q20,half_20_B,0.5,0,True
linear_orbit_student,half_20_B,0.5,6,False
xgb_naive,half_20_B,0.5,0,True
xgb_midpoint,half_20_B,0.5,0,True
xgb_orbit,half_20_B,0.5,5,False
xgb_orbit_student,half_20_B,0.5,0,True
tabm_naive,half_20_B,0.5,5,False
tabm_midpoint,half_20_B,0.5,0,True
tabm_orbit,half_20_B,0.5,5,False
tabm_orbit_student,half_20_B,0.5,6,False
lasso_pair_q20,half_21_A,0.5,0,True
linear_orbit_student,half_21_A,0.5,6,False
xgb_naive,half_21_A,0.5,0,True
xgb_midpoint,half_21_A,0.5,0,True
xgb_orbit,half_21_A,0.5,0,True
xgb_orbit_student,half_21_A,0.5,6,False
tabm_naive,half_21_A,0.5,0,True
tabm_midpoint,half_21_A,0.5,0,True
tabm_orbit,half_21_A,0.5,0,True
tabm_orbit_student,half_21_A,0.5,0,True
lasso_pair_q20,half_21_B,0.5,7,False
linear_orbit_student,half_21_B,0.5,8,False
xgb_naive,half_21_B,0.5,0,True
xgb_midpoint,half_21_B,0.5,0,True
xgb_orbit,half_21_B,0.5,0,True
xgb_orbit_student,half_21_B,0.5,0,True
tabm_naive,half_21_B,0.5,0,True
tabm_midpoint,half_21_B,0.5,0,True
tabm_orbit,half_21_B,0.5,0,True
tabm_orbit_student,half_21_B,0.5,0,True
lasso_pair_q20,half_22_A,0.5,6,False
linear_orbit_student,half_22_A,0.5,0,True
xgb_naive,half_22_A,0.5,5,False
xgb_midpoint,half_22_A,0.5,5,False
xgb_orbit,half_22_A,0.5,0,True
xgb_orbit_student,half_22_A,0.5,11,False
tabm_naive,half_22_A,0.5,0,True
tabm_midpoint,half_22_A,0.5,0,True
tabm_orbit,half_22_A,0.5,0,True
tabm_orbit_student,half_22_A,0.5,5,False
lasso_pair_q20,half_22_B,0.5,10,False
linear_orbit_student,half_22_B,0.5,8,False
xgb_naive,half_22_B,0.5,0,True
xgb_midpoint,half_22_B,0.5,0,True
xgb_orbit,half_22_B,0.5,0,True
xgb_orbit_student,half_22_B,0.5,0,True
tabm_naive,half_22_B,0.5,0,True
tabm_midpoint,half_22_B,0.5,0,True
tabm_orbit,half_22_B,0.5,0,True
tabm_orbit_student,half_22_B,0.5,11,False
lasso_pair_q20,half_23_A,0.5,0,True
linear_orbit_student,half_23_A,0.5,0,True
xgb_naive,half_23_A,0.5,0,True
xgb_midpoint,half_23_A,0.5,0,True
xgb_orbit,half_23_A,0.5,0,True
xgb_orbit_student,half_23_A,0.5,0,True
tabm_naive,half_23_A,0.5,0,True
tabm_midpoint,half_23_A,0.5,0,True
tabm_orbit,half_23_A,0.5,0,True
tabm_orbit_student,half_23_A,0.5,0,True
lasso_pair_q20,half_23_B,0.5,0,True
linear_orbit_student,half_23_B,0.5,0,True
xgb_naive,half_23_B,0.5,0,True
xgb_midpoint,half_23_B,0.5,0,True
xgb_orbit,half_23_B,0.5,0,True
xgb_orbit_student,half_23_B,0.5,0,True
tabm_naive,half_23_B,0.5,11,False
tabm_midpoint,half_23_B,0.5,10,False
tabm_orbit,half_23_B,0.5,10,False
tabm_orbit_student,half_23_B,0.5,0,True
lasso_pair_q20,half_24_A,0.5,0,True
linear_orbit_student,half_24_A,0.5,0,True
xgb_naive,half_24_A,0.5,0,True
xgb_midpoint,half_24_A,0.5,0,True
xgb_orbit,half_24_A,0.5,0,True
xgb_orbit_student,half_24_A,0.5,0,True
tabm_naive,half_24_A,0.5,0,True
tabm_midpoint,half_24_A,0.5,0,True
tabm_orbit,half_24_A,0.5,0,True
tabm_orbit_student,half_24_A,0.5,0,True
lasso_pair_q20,half_24_B,0.5,5,False
linear_orbit_student,half_24_B,0.5,0,True
xgb_naive,half_24_B,0.5,0,True
xgb_midpoint,half_24_B,0.5,0,True
xgb_orbit,half_24_B,0.5,0,True
xgb_orbit_student,half_24_B,0.5,0,True
tabm_naive,half_24_B,0.5,0,True
tabm_midpoint,half_24_B,0.5,0,True
tabm_orbit,half_24_B,0.5,0,True
tabm_orbit_student,half_24_B,0.5,0,True
lasso_pair_q20,half_25_A,0.5,11,False
linear_orbit_student,half_25_A,0.5,10,False
xgb_naive,half_25_A,0.5,0,True
xgb_midpoint,half_25_A,0.5,0,True
xgb_orbit,half_25_A,0.5,0,True
xgb_orbit_student,half_25_A,0.5,0,True
tabm_naive,half_25_A,0.5,5,False
tabm_midpoint,half_25_A,0.5,0,True
tabm_orbit,half_25_A,0.5,0,True
tabm_orbit_student,half_25_A,0.5,0,True
lasso_pair_q20,half_25_B,0.5,0,True
linear_orbit_student,half_25_B,0.5,5,False
xgb_naive,half_25_B,0.5,0,True
xgb_midpoint,half_25_B,0.5,5,False
xgb_orbit,half_25_B,0.5,5,False
xgb_orbit_student,half_25_B,0.5,0,True
tabm_naive,half_25_B,0.5,10,False
tabm_midpoint,half_25_B,0.5,10,False
tabm_orbit,half_25_B,0.5,10,False
tabm_orbit_student,half_25_B,0.5,7,False
lasso_pair_q20,half_26_A,0.5,6,False
linear_orbit_student,half_26_A,0.5,0,True
xgb_naive,half_26_A,0.5,0,True
xgb_midpoint,half_26_A,0.5,0,True
xgb_orbit,half_26_A,0.5,0,True
xgb_orbit_student,half_26_A,0.5,0,True
tabm_naive,half_26_A,0.5,0,True
tabm_midpoint,half_26_A,0.5,0,True
tabm_orbit,half_26_A,0.5,0,True
tabm_orbit_student,half_26_A,0.5,0,True
lasso_pair_q20,half_26_B,0.5,8,False
linear_orbit_student,half_26_B,0.5,0,True
xgb_naive,half_26_B,0.5,0,True
xgb_midpoint,half_26_B,0.5,0,True
xgb_orbit,half_26_B,0.5,0,True
xgb_orbit_student,half_26_B,0.5,0,True
tabm_naive,half_26_B,0.5,5,False
tabm_midpoint,half_26_B,0.5,5,False
tabm_orbit,half_26_B,0.5,5,False
tabm_orbit_student,half_26_B,0.5,0,True
lasso_pair_q20,half_27_A,0.5,0,True
linear_orbit_student,half_27_A,0.5,0,True
xgb_naive,half_27_A,0.5,0,True
xgb_midpoint,half_27_A,0.5,0,True
xgb_orbit,half_27_A,0.5,0,True
xgb_orbit_student,half_27_A,0.5,0,True
tabm_naive,half_27_A,0.5,0,True
tabm_midpoint,half_27_A,0.5,0,True
tabm_orbit,half_27_A,0.5,0,True
tabm_orbit_student,half_27_A,0.5,0,True
lasso_pair_q20,half_27_B,0.5,0,True
linear_orbit_student,half_27_B,0.5,0,True
xgb_naive,half_27_B,0.5,0,True
xgb_midpoint,half_27_B,0.5,0,True
xgb_orbit,half_27_B,0.5,0,True
xgb_orbit_student,half_27_B,0.5,0,True
tabm_naive,half_27_B,0.5,0,True
tabm_midpoint,half_27_B,0.5,0,True
tabm_orbit,half_27_B,0.5,0,True
tabm_orbit_student,half_27_B,0.5,0,True
lasso_pair_q20,half_28_A,0.5,7,False
linear_orbit_student,half_28_A,0.5,0,True
xgb_naive,half_28_A,0.5,0,True
xgb_midpoint,half_28_A,0.5,0,True
xgb_orbit,half_28_A,0.5,0,True
xgb_orbit_student,half_28_A,0.5,0,True
tabm_naive,half_28_A,0.5,5,False
tabm_midpoint,half_28_A,0.5,5,False
tabm_orbit,half_28_A,0.5,5,False
tabm_orbit_student,half_28_A,0.5,0,True
lasso_pair_q20,half_28_B,0.5,0,True
linear_orbit_student,half_28_B,0.5,0,True
xgb_naive,half_28_B,0.5,0,True
xgb_midpoint,half_28_B,0.5,0,True
xgb_orbit,half_28_B,0.5,0,True
xgb_orbit_student,half_28_B,0.5,0,True
tabm_naive,half_28_B,0.5,0,True
tabm_midpoint,half_28_B,0.5,0,True
tabm_orbit,half_28_B,0.5,0,True
tabm_orbit_student,half_28_B,0.5,0,True
lasso_pair_q20,half_29_A,0.5,0,True
linear_orbit_student,half_29_A,0.5,0,True
xgb_naive,half_29_A,0.5,0,True
xgb_midpoint,half_29_A,0.5,0,True
xgb_orbit,half_29_A,0.5,0,True
xgb_orbit_student,half_29_A,0.5,7,False
tabm_naive,half_29_A,0.5,0,True
tabm_midpoint,half_29_A,0.5,0,True
tabm_orbit,half_29_A,0.5,0,True
tabm_orbit_student,half_29_A,0.5,0,True
lasso_pair_q20,half_29_B,0.5,5,False
linear_orbit_student,half_29_B,0.5,7,False
xgb_naive,half_29_B,0.5,5,False
xgb_midpoint,half_29_B,0.5,5,False
xgb_orbit,half_29_B,0.5,0,True
xgb_orbit_student,half_29_B,0.5,0,True
tabm_naive,half_29_B,0.5,0,True
tabm_midpoint,half_29_B,0.5,0,True
tabm_orbit,half_29_B,0.5,0,True
tabm_orbit_student,half_29_B,0.5,0,True
lasso_pair_q20,f70_00,0.7,7,False
linear_orbit_student,f70_00,0.7,15,False
xgb_naive,f70_00,0.7,0,True
xgb_midpoint,f70_00,0.7,0,True
xgb_orbit,f70_00,0.7,0,True
xgb_orbit_student,f70_00,0.7,0,True
tabm_naive,f70_00,0.7,10,False
tabm_midpoint,f70_00,0.7,10,False
tabm_orbit,f70_00,0.7,10,False
tabm_orbit_student,f70_00,0.7,0,True
lasso_pair_q20,f70_01,0.7,5,False
linear_orbit_student,f70_01,0.7,7,False
xgb_naive,f70_01,0.7,0,True
xgb_midpoint,f70_01,0.7,0,True
xgb_orbit,f70_01,0.7,0,True
xgb_orbit_student,f70_01,0.7,0,True
tabm_naive,f70_01,0.7,0,True
tabm_midpoint,f70_01,0.7,0,True
tabm_orbit,f70_01,0.7,0,True
tabm_orbit_student,f70_01,0.7,0,True
lasso_pair_q20,f70_02,0.7,0,True
linear_orbit_student,f70_02,0.7,0,True
xgb_naive,f70_02,0.7,0,True
xgb_midpoint,f70_02,0.7,0,True
xgb_orbit,f70_02,0.7,0,True
xgb_orbit_student,f70_02,0.7,0,True
tabm_naive,f70_02,0.7,0,True
tabm_midpoint,f70_02,0.7,0,True
tabm_orbit,f70_02,0.7,0,True
tabm_orbit_student,f70_02,0.7,0,True
lasso_pair_q20,f70_03,0.7,0,True
linear_orbit_student,f70_03,0.7,0,True
xgb_naive,f70_03,0.7,0,True
xgb_midpoint,f70_03,0.7,0,True
xgb_orbit,f70_03,0.7,0,True
xgb_orbit_student,f70_03,0.7,0,True
tabm_naive,f70_03,0.7,0,True
tabm_midpoint,f70_03,0.7,0,True
tabm_orbit,f70_03,0.7,0,True
tabm_orbit_student,f70_03,0.7,0,True
lasso_pair_q20,f70_04,0.7,6,False
linear_orbit_student,f70_04,0.7,0,True
xgb_naive,f70_04,0.7,13,False
xgb_midpoint,f70_04,0.7,15,False
xgb_orbit,f70_04,0.7,12,False
xgb_orbit_student,f70_04,0.7,10,False
tabm_naive,f70_04,0.7,7,False
tabm_midpoint,f70_04,0.7,7,False
tabm_orbit,f70_04,0.7,7,False
tabm_orbit_student,f70_04,0.7,0,True
lasso_pair_q20,f70_05,0.7,0,True
linear_orbit_student,f70_05,0.7,0,True
xgb_naive,f70_05,0.7,6,False
xgb_midpoint,f70_05,0.7,7,False
xgb_orbit,f70_05,0.7,7,False
xgb_orbit_student,f70_05,0.7,0,True
tabm_naive,f70_05,0.7,6,False
tabm_midpoint,f70_05,0.7,6,False
tabm_orbit,f70_05,0.7,6,False
tabm_orbit_student,f70_05,0.7,0,True
lasso_pair_q20,f70_06,0.7,0,True
linear_orbit_student,f70_06,0.7,0,True
xgb_naive,f70_06,0.7,0,True
xgb_midpoint,f70_06,0.7,0,True
xgb_orbit,f70_06,0.7,0,True
xgb_orbit_student,f70_06,0.7,0,True
tabm_naive,f70_06,0.7,0,True
tabm_midpoint,f70_06,0.7,0,True
tabm_orbit,f70_06,0.7,0,True
tabm_orbit_student,f70_06,0.7,0,True
lasso_pair_q20,f70_07,0.7,0,True
linear_orbit_student,f70_07,0.7,15,False
xgb_naive,f70_07,0.7,0,True
xgb_midpoint,f70_07,0.7,0,True
xgb_orbit,f70_07,0.7,0,True
xgb_orbit_student,f70_07,0.7,0,True
tabm_naive,f70_07,0.7,7,False
tabm_midpoint,f70_07,0.7,7,False
tabm_orbit,f70_07,0.7,7,False
tabm_orbit_student,f70_07,0.7,10,False
lasso_pair_q20,f70_08,0.7,5,False
linear_orbit_student,f70_08,0.7,5,False
xgb_naive,f70_08,0.7,12,False
xgb_midpoint,f70_08,0.7,0,True
xgb_orbit,f70_08,0.7,0,True
xgb_orbit_student,f70_08,0.7,14,False
tabm_naive,f70_08,0.7,0,True
tabm_midpoint,f70_08,0.7,0,True
tabm_orbit,f70_08,0.7,0,True
tabm_orbit_student,f70_08,0.7,0,True
lasso_pair_q20,f70_09,0.7,5,False
linear_orbit_student,f70_09,0.7,0,True
xgb_naive,f70_09,0.7,0,True
xgb_midpoint,f70_09,0.7,0,True
xgb_orbit,f70_09,0.7,0,True
xgb_orbit_student,f70_09,0.7,0,True
tabm_naive,f70_09,0.7,5,False
tabm_midpoint,f70_09,0.7,5,False
tabm_orbit,f70_09,0.7,5,False
tabm_orbit_student,f70_09,0.7,8,False
lasso_pair_q20,f70_10,0.7,0,True
linear_orbit_student,f70_10,0.7,0,True
xgb_naive,f70_10,0.7,0,True
xgb_midpoint,f70_10,0.7,0,True
xgb_orbit,f70_10,0.7,0,True
xgb_orbit_student,f70_10,0.7,0,True
tabm_naive,f70_10,0.7,0,True
tabm_midpoint,f70_10,0.7,0,True
tabm_orbit,f70_10,0.7,0,True
tabm_orbit_student,f70_10,0.7,0,True
lasso_pair_q20,f70_11,0.7,0,True
linear_orbit_student,f70_11,0.7,0,True
xgb_naive,f70_11,0.7,0,True
xgb_midpoint,f70_11,0.7,0,True
xgb_orbit,f70_11,0.7,0,True
xgb_orbit_student,f70_11,0.7,0,True
tabm_naive,f70_11,0.7,0,True
tabm_midpoint,f70_11,0.7,0,True
tabm_orbit,f70_11,0.7,0,True
tabm_orbit_student,f70_11,0.7,0,True
lasso_pair_q20,f70_12,0.7,0,True
linear_orbit_student,f70_12,0.7,0,True
xgb_naive,f70_12,0.7,0,True
xgb_midpoint,f70_12,0.7,0,True
xgb_orbit,f70_12,0.7,0,True
xgb_orbit_student,f70_12,0.7,0,True
tabm_naive,f70_12,0.7,0,True
tabm_midpoint,f70_12,0.7,0,True
tabm_orbit,f70_12,0.7,0,True
tabm_orbit_student,f70_12,0.7,0,True
lasso_pair_q20,f70_13,0.7,6,False
linear_orbit_student,f70_13,0.7,0,True
xgb_naive,f70_13,0.7,0,True
xgb_midpoint,f70_13,0.7,0,True
xgb_orbit,f70_13,0.7,0,True
xgb_orbit_student,f70_13,0.7,0,True
tabm_naive,f70_13,0.7,8,False
tabm_midpoint,f70_13,0.7,8,False
tabm_orbit,f70_13,0.7,8,False
tabm_orbit_student,f70_13,0.7,6,False
lasso_pair_q20,f70_14,0.7,0,True
linear_orbit_student,f70_14,0.7,0,True
xgb_naive,f70_14,0.7,0,True
xgb_midpoint,f70_14,0.7,0,True
xgb_orbit,f70_14,0.7,0,True
xgb_orbit_student,f70_14,0.7,0,True
tabm_naive,f70_14,0.7,0,True
tabm_midpoint,f70_14,0.7,0,True
tabm_orbit,f70_14,0.7,0,True
tabm_orbit_student,f70_14,0.7,0,True
lasso_pair_q20,f70_15,0.7,0,True
linear_orbit_student,f70_15,0.7,0,True
xgb_naive,f70_15,0.7,0,True
xgb_midpoint,f70_15,0.7,0,True
xgb_orbit,f70_15,0.7,0,True
xgb_orbit_student,f70_15,0.7,0,True
tabm_naive,f70_15,0.7,14,False
tabm_midpoint,f70_15,0.7,14,False
tabm_orbit,f70_15,0.7,14,False
tabm_orbit_student,f70_15,0.7,15,False
lasso_pair_q20,f70_16,0.7,0,True
linear_orbit_student,f70_16,0.7,0,True
xgb_naive,f70_16,0.7,0,True
xgb_midpoint,f70_16,0.7,0,True
xgb_orbit,f70_16,0.7,0,True
xgb_orbit_student,f70_16,0.7,0,True
tabm_naive,f70_16,0.7,5,False
tabm_midpoint,f70_16,0.7,5,False
tabm_orbit,f70_16,0.7,5,False
tabm_orbit_student,f70_16,0.7,0,True
lasso_pair_q20,f70_17,0.7,5,False
linear_orbit_student,f70_17,0.7,0,True
xgb_naive,f70_17,0.7,0,True
xgb_midpoint,f70_17,0.7,0,True
xgb_orbit,f70_17,0.7,0,True
xgb_orbit_student,f70_17,0.7,0,True
tabm_naive,f70_17,0.7,0,True
tabm_midpoint,f70_17,0.7,0,True
tabm_orbit,f70_17,0.7,0,True
tabm_orbit_student,f70_17,0.7,0,True
lasso_pair_q20,f70_18,0.7,5,False
linear_orbit_student,f70_18,0.7,0,True
xgb_naive,f70_18,0.7,5,False
xgb_midpoint,f70_18,0.7,5,False
xgb_orbit,f70_18,0.7,5,False
xgb_orbit_student,f70_18,0.7,6,False
tabm_naive,f70_18,0.7,0,True
tabm_midpoint,f70_18,0.7,0,True
tabm_orbit,f70_18,0.7,0,True
tabm_orbit_student,f70_18,0.7,6,False
lasso_pair_q20,f70_19,0.7,0,True
linear_orbit_student,f70_19,0.7,0,True
xgb_naive,f70_19,0.7,0,True
xgb_midpoint,f70_19,0.7,0,True
xgb_orbit,f70_19,0.7,5,False
xgb_orbit_student,f70_19,0.7,0,True
tabm_naive,f70_19,0.7,0,True
tabm_midpoint,f70_19,0.7,0,True
tabm_orbit,f70_19,0.7,0,True
tabm_orbit_student,f70_19,0.7,0,True
lasso_pair_q20,f80_00,0.8,0,True
linear_orbit_student,f80_00,0.8,0,True
xgb_naive,f80_00,0.8,0,True
xgb_midpoint,f80_00,0.8,0,True
xgb_orbit,f80_00,0.8,0,True
xgb_orbit_student,f80_00,0.8,0,True
tabm_naive,f80_00,0.8,0,True
tabm_midpoint,f80_00,0.8,0,True
tabm_orbit,f80_00,0.8,0,True
tabm_orbit_student,f80_00,0.8,0,True
lasso_pair_q20,f80_01,0.8,0,True
linear_orbit_student,f80_01,0.8,0,True
xgb_naive,f80_01,0.8,0,True
xgb_midpoint,f80_01,0.8,0,True
xgb_orbit,f80_01,0.8,0,True
xgb_orbit_student,f80_01,0.8,0,True
tabm_naive,f80_01,0.8,0,True
tabm_midpoint,f80_01,0.8,0,True
tabm_orbit,f80_01,0.8,0,True
tabm_orbit_student,f80_01,0.8,0,True
lasso_pair_q20,f80_02,0.8,12,False
linear_orbit_student,f80_02,0.8,10,False
xgb_naive,f80_02,0.8,5,False
xgb_midpoint,f80_02,0.8,5,False
xgb_orbit,f80_02,0.8,5,False
xgb_orbit_student,f80_02,0.8,0,True
tabm_naive,f80_02,0.8,10,False
tabm_midpoint,f80_02,0.8,10,False
tabm_orbit,f80_02,0.8,10,False
tabm_orbit_student,f80_02,0.8,15,False
lasso_pair_q20,f80_03,0.8,10,False
linear_orbit_student,f80_03,0.8,0,True
xgb_naive,f80_03,0.8,6,False
xgb_midpoint,f80_03,0.8,0,True
xgb_orbit,f80_03,0.8,5,False
xgb_orbit_student,f80_03,0.8,8,False
tabm_naive,f80_03,0.8,0,True
tabm_midpoint,f80_03,0.8,0,True
tabm_orbit,f80_03,0.8,0,True
tabm_orbit_student,f80_03,0.8,0,True
lasso_pair_q20,f80_04,0.8,5,False
linear_orbit_student,f80_04,0.8,0,True
xgb_naive,f80_04,0.8,0,True
xgb_midpoint,f80_04,0.8,0,True
xgb_orbit,f80_04,0.8,0,True
xgb_orbit_student,f80_04,0.8,0,True
tabm_naive,f80_04,0.8,0,True
tabm_midpoint,f80_04,0.8,0,True
tabm_orbit,f80_04,0.8,0,True
tabm_orbit_student,f80_04,0.8,0,True
lasso_pair_q20,f80_05,0.8,10,False
linear_orbit_student,f80_05,0.8,12,False
xgb_naive,f80_05,0.8,0,True
xgb_midpoint,f80_05,0.8,0,True
xgb_orbit,f80_05,0.8,0,True
xgb_orbit_student,f80_05,0.8,0,True
tabm_naive,f80_05,0.8,0,True
tabm_midpoint,f80_05,0.8,0,True
tabm_orbit,f80_05,0.8,0,True
tabm_orbit_student,f80_05,0.8,0,True
lasso_pair_q20,f80_06,0.8,0,True
linear_orbit_student,f80_06,0.8,0,True
xgb_naive,f80_06,0.8,0,True
xgb_midpoint,f80_06,0.8,0,True
xgb_orbit,f80_06,0.8,0,True
xgb_orbit_student,f80_06,0.8,0,True
tabm_naive,f80_06,0.8,0,True
tabm_midpoint,f80_06,0.8,0,True
tabm_orbit,f80_06,0.8,0,True
tabm_orbit_student,f80_06,0.8,0,True
lasso_pair_q20,f80_07,0.8,0,True
linear_orbit_student,f80_07,0.8,0,True
xgb_naive,f80_07,0.8,0,True
xgb_midpoint,f80_07,0.8,0,True
xgb_orbit,f80_07,0.8,0,True
xgb_orbit_student,f80_07,0.8,0,True
tabm_naive,f80_07,0.8,0,True
tabm_midpoint,f80_07,0.8,0,True
tabm_orbit,f80_07,0.8,0,True
tabm_orbit_student,f80_07,0.8,0,True
lasso_pair_q20,f80_08,0.8,0,True
linear_orbit_student,f80_08,0.8,0,True
xgb_naive,f80_08,0.8,0,True
xgb_midpoint,f80_08,0.8,0,True
xgb_orbit,f80_08,0.8,0,True
xgb_orbit_student,f80_08,0.8,5,False
tabm_naive,f80_08,0.8,0,True
tabm_midpoint,f80_08,0.8,0,True
tabm_orbit,f80_08,0.8,0,True
tabm_orbit_student,f80_08,0.8,0,True
lasso_pair_q20,f80_09,0.8,0,True
linear_orbit_student,f80_09,0.8,0,True
xgb_naive,f80_09,0.8,0,True
xgb_midpoint,f80_09,0.8,0,True
xgb_orbit,f80_09,0.8,0,True
xgb_orbit_student,f80_09,0.8,0,True
tabm_naive,f80_09,0.8,0,True
tabm_midpoint,f80_09,0.8,0,True
tabm_orbit,f80_09,0.8,0,True
tabm_orbit_student,f80_09,0.8,0,True
lasso_pair_q20,f80_10,0.8,11,False
linear_orbit_student,f80_10,0.8,0,True
xgb_naive,f80_10,0.8,0,True
xgb_midpoint,f80_10,0.8,0,True
xgb_orbit,f80_10,0.8,0,True
xgb_orbit_student,f80_10,0.8,15,False
tabm_naive,f80_10,0.8,0,True
tabm_midpoint,f80_10,0.8,0,True
tabm_orbit,f80_10,0.8,0,True
tabm_orbit_student,f80_10,0.8,0,True
lasso_pair_q20,f80_11,0.8,0,True
linear_orbit_student,f80_11,0.8,0,True
xgb_naive,f80_11,0.8,0,True
xgb_midpoint,f80_11,0.8,0,True
xgb_orbit,f80_11,0.8,0,True
xgb_orbit_student,f80_11,0.8,0,True
tabm_naive,f80_11,0.8,0,True
tabm_midpoint,f80_11,0.8,0,True
tabm_orbit,f80_11,0.8,0,True
tabm_orbit_student,f80_11,0.8,0,True
lasso_pair_q20,f80_12,0.8,0,True
linear_orbit_student,f80_12,0.8,0,True
xgb_naive,f80_12,0.8,0,True
xgb_midpoint,f80_12,0.8,0,True
xgb_orbit,f80_12,0.8,0,True
xgb_orbit_student,f80_12,0.8,0,True
tabm_naive,f80_12,0.8,0,True
tabm_midpoint,f80_12,0.8,0,True
tabm_orbit,f80_12,0.8,0,True
tabm_orbit_student,f80_12,0.8,7,False
lasso_pair_q20,f80_13,0.8,0,True
linear_orbit_student,f80_13,0.8,0,True
xgb_naive,f80_13,0.8,0,True
xgb_midpoint,f80_13,0.8,0,True
xgb_orbit,f80_13,0.8,0,True
xgb_orbit_student,f80_13,0.8,0,True
tabm_naive,f80_13,0.8,0,True
tabm_midpoint,f80_13,0.8,0,True
tabm_orbit,f80_13,0.8,0,True
tabm_orbit_student,f80_13,0.8,0,True
lasso_pair_q20,f80_14,0.8,0,True
linear_orbit_student,f80_14,0.8,0,True
xgb_naive,f80_14,0.8,0,True
xgb_midpoint,f80_14,0.8,0,True
xgb_orbit,f80_14,0.8,0,True
xgb_orbit_student,f80_14,0.8,7,False
tabm_naive,f80_14,0.8,0,True
tabm_midpoint,f80_14,0.8,0,True
tabm_orbit,f80_14,0.8,0,True
tabm_orbit_student,f80_14,0.8,5,False
lasso_pair_q20,f80_15,0.8,11,False
linear_orbit_student,f80_15,0.8,0,True
xgb_naive,f80_15,0.8,13,False
xgb_midpoint,f80_15,0.8,11,False
xgb_orbit,f80_15,0.8,15,False
xgb_orbit_student,f80_15,0.8,6,False
tabm_naive,f80_15,0.8,11,False
tabm_midpoint,f80_15,0.8,10,False
tabm_orbit,f80_15,0.8,10,False
tabm_orbit_student,f80_15,0.8,0,True
lasso_pair_q20,f80_16,0.8,5,False
linear_orbit_student,f80_16,0.8,5,False
xgb_naive,f80_16,0.8,0,True
xgb_midpoint,f80_16,0.8,0,True
xgb_orbit,f80_16,0.8,0,True
xgb_orbit_student,f80_16,0.8,6,False
tabm_naive,f80_16,0.8,5,False
tabm_midpoint,f80_16,0.8,5,False
tabm_orbit,f80_16,0.8,5,False
tabm_orbit_student,f80_16,0.8,0,True
lasso_pair_q20,f80_17,0.8,5,False
linear_orbit_student,f80_17,0.8,10,False
xgb_naive,f80_17,0.8,0,True
xgb_midpoint,f80_17,0.8,0,True
xgb_orbit,f80_17,0.8,0,True
xgb_orbit_student,f80_17,0.8,0,True
tabm_naive,f80_17,0.8,11,False
tabm_midpoint,f80_17,0.8,11,False
tabm_orbit,f80_17,0.8,11,False
tabm_orbit_student,f80_17,0.8,0,True
lasso_pair_q20,f80_18,0.8,0,True
linear_orbit_student,f80_18,0.8,6,False
xgb_naive,f80_18,0.8,0,True
xgb_midpoint,f80_18,0.8,0,True
xgb_orbit,f80_18,0.8,0,True
xgb_orbit_student,f80_18,0.8,6,False
tabm_naive,f80_18,0.8,5,False
tabm_midpoint,f80_18,0.8,5,False
tabm_orbit,f80_18,0.8,5,False
tabm_orbit_student,f80_18,0.8,8,False
lasso_pair_q20,f80_19,0.8,0,True
linear_orbit_student,f80_19,0.8,0,True
xgb_naive,f80_19,0.8,0,True
xgb_midpoint,f80_19,0.8,0,True
xgb_orbit,f80_19,0.8,0,True
xgb_orbit_student,f80_19,0.8,0,True
tabm_naive,f80_19,0.8,0,True
tabm_midpoint,f80_19,0.8,0,True
tabm_orbit,f80_19,0.8,0,True
tabm_orbit_student,f80_19,0.8,0,True
