method,group,k,complementary_jaccard
copula_mvr,0,4,1.0
copula_mvr,1,4,1.0
copula_mvr,2,4,0.6
copula_mvr,3,4,0.3333333333333333
copula_mvr,4,4,1.0
copula_mvr,5,4,1.0
copula_mvr,6,4,0.6
copula_mvr,7,4,0.6
copula_mvr,8,4,1.0
copula_mvr,9,4,1.0
copula_mvr,10,4,1.0
copula_mvr,11,4,0.6
copula_mvr,12,4,0.6
copula_mvr,13,4,0.6
copula_mvr,14,4,1.0
copula_mvr,15,4,1.0
copula_mvr,16,4,1.0
copula_mvr,17,4,0.6
copula_mvr,18,4,0.6
copula_mvr,19,4,0.6
copula_mvr,20,4,0.6
copula_mvr,21,4,1.0
copula_mvr,22,4,0.6
copula_mvr,23,4,1.0
copula_mvr,24,4,0.6
copula_mvr,25,4,0.6
copula_mvr,26,4,0.6
copula_mvr,27,4,1.0
copula_mvr,28,4,0.6
copula_mvr,29,4,0.6
copula_mvr,0,8,0.6
copula_mvr,1,8,0.7777777777777778
copula_mvr,2,8,0.6
copula_mvr,3,8,0.7777777777777778
copula_mvr,4,8,0.6
copula_mvr,5,8,0.7777777777777778
copula_mvr,6,8,0.7777777777777778
copula_mvr,7,8,0.7777777777777778
copula_mvr,8,8,0.7777777777777778
copula_mvr,9,8,0.7777777777777778
copula_mvr,10,8,0.6
copula_mvr,11,8,0.45454545454545453
copula_mvr,12,8,0.6
copula_mvr,13,8,0.7777777777777778
copula_mvr,14,8,0.45454545454545453
copula_mvr,15,8,0.7777777777777778
copula_mvr,16,8,0.7777777777777778
copula_mvr,17,8,0.7777777777777778
copula_mvr,18,8,0.45454545454545453
copula_mvr,19,8,0.7777777777777778
copula_mvr,20,8,0.7777777777777778
copula_mvr,21,8,0.7777777777777778
copula_mvr,22,8,1.0
copula_mvr,23,8,0.7777777777777778
copula_mvr,24,8,0.7777777777777778
copula_mvr,25,8,0.7777777777777778
copula_mvr,26,8,0.7777777777777778
copula_mvr,27,8,0.6
copula_mvr,28,8,0.6
copula_mvr,29,8,0.7777777777777778
copula_mvr,0,10,0.6666666666666666
copula_mvr,1,10,0.6666666666666666
copula_mvr,2,10,0.8181818181818182
copula_mvr,3,10,0.8181818181818182
copula_mvr,4,10,0.6666666666666666
copula_mvr,5,10,0.6666666666666666
copula_mvr,6,10,0.6666666666666666
copula_mvr,7,10,0.5384615384615384
copula_mvr,8,10,0.5384615384615384
copula_mvr,9,10,0.6666666666666666
copula_mvr,10,10,0.6666666666666666
copula_mvr,11,10,0.6666666666666666
copula_mvr,12,10,0.6666666666666666
copula_mvr,13,10,0.6666666666666666
copula_mvr,14,10,0.42857142857142855
copula_mvr,15,10,0.6666666666666666
copula_mvr,16,10,0.8181818181818182
copula_mvr,17,10,0.6666666666666666
copula_mvr,18,10,0.6666666666666666
copula_mvr,19,10,0.8181818181818182
copula_mvr,20,10,0.5384615384615384
copula_mvr,21,10,0.5384615384615384
copula_mvr,22,10,0.6666666666666666
copula_mvr,23,10,0.6666666666666666
copula_mvr,24,10,0.5384615384615384
copula_mvr,25,10,0.8181818181818182
copula_mvr,26,10,0.6666666666666666
copula_mvr,27,10,0.8181818181818182
copula_mvr,28,10,0.6666666666666666
copula_mvr,29,10,0.5384615384615384
copula_mvr,0,12,0.7142857142857143
copula_mvr,1,12,0.5
copula_mvr,2,12,0.7142857142857143
copula_mvr,3,12,0.6
copula_mvr,4,12,0.6
copula_mvr,5,12,0.6
copula_mvr,6,12,0.6
copula_mvr,7,12,0.7142857142857143
copula_mvr,8,12,0.6
copula_mvr,9,12,0.6
copula_mvr,10,12,0.7142857142857143
copula_mvr,11,12,0.5
copula_mvr,12,12,0.6
copula_mvr,13,12,0.7142857142857143
copula_mvr,14,12,0.5
copula_mvr,15,12,0.6
copula_mvr,16,12,0.6
copula_mvr,17,12,0.6
copula_mvr,18,12,0.6
copula_mvr,19,12,0.7142857142857143
copula_mvr,20,12,0.6
copula_mvr,21,12,0.6
copula_mvr,22,12,0.6
copula_mvr,23,12,0.7142857142857143
copula_mvr,24,12,0.4117647058823529
copula_mvr,25,12,0.7142857142857143
copula_mvr,26,12,0.6
copula_mvr,27,12,0.7142857142857143
copula_mvr,28,12,0.6
copula_mvr,29,12,0.6
copula_mvr,0,14,0.6470588235294118
copula_mvr,1,14,0.5555555555555556
copula_mvr,2,14,0.5555555555555556
copula_mvr,3,14,0.47368421052631576
copula_mvr,4,14,0.5555555555555556
copula_mvr,5,14,0.47368421052631576
copula_mvr,6,14,0.5555555555555556
copula_mvr,7,14,0.6470588235294118
copula_mvr,8,14,0.47368421052631576
copula_mvr,9,14,0.75
copula_mvr,10,14,0.6470588235294118
copula_mvr,11,14,0.5555555555555556
copula_mvr,12,14,0.6470588235294118
copula_mvr,13,14,0.5555555555555556
copula_mvr,14,14,0.5555555555555556
copula_mvr,15,14,0.5555555555555556
copula_mvr,16,14,0.5555555555555556
copula_mvr,17,14,0.6470588235294118
copula_mvr,18,14,0.47368421052631576
copula_mvr,19,14,0.6470588235294118
copula_mvr,20,14,0.47368421052631576
copula_mvr,21,14,0.5555555555555556
copula_mvr,22,14,0.47368421052631576
copula_mvr,23,14,0.5555555555555556
copula_mvr,24,14,0.47368421052631576
copula_mvr,25,14,0.5555555555555556
copula_mvr,26,14,0.47368421052631576
copula_mvr,27,14,0.5555555555555556
copula_mvr,28,14,0.5555555555555556
copula_mvr,29,14,0.5555555555555556
deep_lasso,0,4,1.0
deep_lasso,1,4,1.0
deep_lasso,2,4,1.0
deep_lasso,3,4,1.0
deep_lasso,4,4,1.0
deep_lasso,5,4,1.0
deep_lasso,6,4,1.0
deep_lasso,7,4,1.0
deep_lasso,8,4,1.0
deep_lasso,9,4,1.0
deep_lasso,10,4,1.0
deep_lasso,11,4,1.0
deep_lasso,12,4,1.0
deep_lasso,13,4,1.0
deep_lasso,14,4,0.6
deep_lasso,15,4,1.0
deep_lasso,16,4,1.0
deep_lasso,17,4,1.0
deep_lasso,18,4,1.0
deep_lasso,19,4,1.0
deep_lasso,20,4,1.0
deep_lasso,21,4,0.6
deep_lasso,22,4,1.0
deep_lasso,23,4,1.0
deep_lasso,24,4,1.0
deep_lasso,25,4,1.0
deep_lasso,26,4,0.6
deep_lasso,27,4,1.0
deep_lasso,28,4,0.6
deep_lasso,29,4,0.6
deep_lasso,0,8,0.7777777777777778
deep_lasso,1,8,0.7777777777777778
deep_lasso,2,8,0.6
deep_lasso,3,8,0.6
deep_lasso,4,8,0.6
deep_lasso,5,8,0.7777777777777778
deep_lasso,6,8,0.7777777777777778
deep_lasso,7,8,0.45454545454545453
deep_lasso,8,8,0.6
deep_lasso,9,8,0.7777777777777778
deep_lasso,10,8,0.7777777777777778
deep_lasso,11,8,0.7777777777777778
deep_lasso,12,8,0.6
deep_lasso,13,8,0.7777777777777778
deep_lasso,14,8,0.6
deep_lasso,15,8,0.7777777777777778
deep_lasso,16,8,0.7777777777777778
deep_lasso,17,8,0.6
deep_lasso,18,8,0.7777777777777778
deep_lasso,19,8,0.6
deep_lasso,20,8,0.6
deep_lasso,21,8,0.7777777777777778
deep_lasso,22,8,0.6
deep_lasso,23,8,0.6
deep_lasso,24,8,0.7777777777777778
deep_lasso,25,8,0.6
deep_lasso,26,8,0.6
deep_lasso,27,8,0.7777777777777778
deep_lasso,28,8,0.6
deep_lasso,29,8,0.6
deep_lasso,0,10,0.6666666666666666
deep_lasso,1,10,1.0
deep_lasso,2,10,0.8181818181818182
deep_lasso,3,10,1.0
deep_lasso,4,10,0.8181818181818182
deep_lasso,5,10,0.8181818181818182
deep_lasso,6,10,1.0
deep_lasso,7,10,0.6666666666666666
deep_lasso,8,10,0.5384615384615384
deep_lasso,9,10,1.0
deep_lasso,10,10,1.0
deep_lasso,11,10,1.0
deep_lasso,12,10,0.6666666666666666
deep_lasso,13,10,1.0
deep_lasso,14,10,1.0
deep_lasso,15,10,1.0
deep_lasso,16,10,0.6666666666666666
deep_lasso,17,10,0.8181818181818182
deep_lasso,18,10,0.6666666666666666
deep_lasso,19,10,1.0
deep_lasso,20,10,0.6666666666666666
deep_lasso,21,10,0.8181818181818182
deep_lasso,22,10,0.6666666666666666
deep_lasso,23,10,0.6666666666666666
deep_lasso,24,10,1.0
deep_lasso,25,10,1.0
deep_lasso,26,10,0.8181818181818182
deep_lasso,27,10,1.0
deep_lasso,28,10,0.6666666666666666
deep_lasso,29,10,0.6666666666666666
deep_lasso,0,12,0.6
deep_lasso,1,12,0.8461538461538461
deep_lasso,2,12,0.8461538461538461
deep_lasso,3,12,0.8461538461538461
deep_lasso,4,12,0.6
deep_lasso,5,12,0.7142857142857143
deep_lasso,6,12,0.8461538461538461
deep_lasso,7,12,0.8461538461538461
deep_lasso,8,12,0.5
deep_lasso,9,12,0.8461538461538461
deep_lasso,10,12,0.7142857142857143
deep_lasso,11,12,0.8461538461538461
deep_lasso,12,12,0.5
deep_lasso,13,12,0.7142857142857143
deep_lasso,14,12,0.8461538461538461
deep_lasso,15,12,0.7142857142857143
deep_lasso,16,12,0.7142857142857143
deep_lasso,17,12,0.7142857142857143
deep_lasso,18,12,0.7142857142857143
deep_lasso,19,12,0.8461538461538461
deep_lasso,20,12,0.6
deep_lasso,21,12,0.8461538461538461
deep_lasso,22,12,0.6
deep_lasso,23,12,0.8461538461538461
deep_lasso,24,12,0.8461538461538461
deep_lasso,25,12,0.8461538461538461
deep_lasso,26,12,0.7142857142857143
deep_lasso,27,12,0.7142857142857143
deep_lasso,28,12,0.6
deep_lasso,29,12,0.7142857142857143
deep_lasso,0,14,0.6470588235294118
deep_lasso,1,14,0.6470588235294118
deep_lasso,2,14,0.75
deep_lasso,3,14,0.75
deep_lasso,4,14,0.6470588235294118
deep_lasso,5,14,0.6470588235294118
deep_lasso,6,14,0.75
deep_lasso,7,14,0.75
deep_lasso,8,14,0.6470588235294118
deep_lasso,9,14,0.75
deep_lasso,10,14,0.75
deep_lasso,11,14,0.8666666666666667
deep_lasso,12,14,0.5555555555555556
deep_lasso,13,14,0.6470588235294118
deep_lasso,14,14,0.75
deep_lasso,15,14,0.75
deep_lasso,16,14,0.75
deep_lasso,17,14,0.6470588235294118
deep_lasso,18,14,0.6470588235294118
deep_lasso,19,14,0.75
deep_lasso,20,14,0.75
deep_lasso,21,14,0.75
deep_lasso,22,14,0.75
deep_lasso,23,14,0.75
deep_lasso,24,14,0.75
deep_lasso,25,14,0.75
deep_lasso,26,14,0.6470588235294118
deep_lasso,27,14,0.75
deep_lasso,28,14,0.6470588235294118
deep_lasso,29,14,0.6470588235294118
elastic_net,0,4,0.6
elastic_net,1,4,0.6
elastic_net,2,4,0.3333333333333333
elastic_net,3,4,0.6
elastic_net,4,4,0.6
elastic_net,5,4,0.3333333333333333
elastic_net,6,4,0.3333333333333333
elastic_net,7,4,0.3333333333333333
elastic_net,8,4,0.6
elastic_net,9,4,1.0
elastic_net,10,4,0.6
elastic_net,11,4,0.3333333333333333
elastic_net,12,4,0.3333333333333333
elastic_net,13,4,0.3333333333333333
elastic_net,14,4,0.3333333333333333
elastic_net,15,4,0.6
elastic_net,16,4,0.3333333333333333
elastic_net,17,4,0.6
elastic_net,18,4,0.3333333333333333
elastic_net,19,4,0.3333333333333333
elastic_net,20,4,0.3333333333333333
elastic_net,21,4,0.6
elastic_net,22,4,0.3333333333333333
elastic_net,23,4,0.3333333333333333
elastic_net,24,4,0.3333333333333333
elastic_net,25,4,0.3333333333333333
elastic_net,26,4,0.6
elastic_net,27,4,0.6
elastic_net,28,4,0.3333333333333333
elastic_net,29,4,0.3333333333333333
elastic_net,0,8,0.6
elastic_net,1,8,0.45454545454545453
elastic_net,2,8,0.6
elastic_net,3,8,0.7777777777777778
elastic_net,4,8,0.7777777777777778
elastic_net,5,8,0.7777777777777778
elastic_net,6,8,0.45454545454545453
elastic_net,7,8,0.6
elastic_net,8,8,0.6
elastic_net,9,8,0.6
elastic_net,10,8,0.6
elastic_net,11,8,0.3333333333333333
elastic_net,12,8,0.45454545454545453
elastic_net,13,8,0.6
elastic_net,14,8,0.45454545454545453
elastic_net,15,8,0.45454545454545453
elastic_net,16,8,0.6
elastic_net,17,8,0.45454545454545453
elastic_net,18,8,0.45454545454545453
elastic_net,19,8,0.45454545454545453
elastic_net,20,8,0.3333333333333333
elastic_net,21,8,0.6
elastic_net,22,8,0.6
elastic_net,23,8,0.45454545454545453
elastic_net,24,8,0.3333333333333333
elastic_net,25,8,0.6
elastic_net,26,8,0.45454545454545453
elastic_net,27,8,0.6
elastic_net,28,8,0.45454545454545453
elastic_net,29,8,0.45454545454545453
elastic_net,0,10,0.42857142857142855
elastic_net,1,10,0.5384615384615384
elastic_net,2,10,0.5384615384615384
elastic_net,3,10,0.8181818181818182
elastic_net,4,10,0.6666666666666666
elastic_net,5,10,0.5384615384615384
elastic_net,6,10,0.5384615384615384
elastic_net,7,10,0.5384615384615384
elastic_net,8,10,0.6666666666666666
elastic_net,9,10,0.6666666666666666
elastic_net,10,10,0.6666666666666666
elastic_net,11,10,0.5384615384615384
elastic_net,12,10,0.5384615384615384
elastic_net,13,10,0.6666666666666666
elastic_net,14,10,0.3333333333333333
elastic_net,15,10,0.5384615384615384
elastic_net,16,10,0.5384615384615384
elastic_net,17,10,0.42857142857142855
elastic_net,18,10,0.6666666666666666
elastic_net,19,10,0.5384615384615384
elastic_net,20,10,0.5384615384615384
elastic_net,21,10,0.5384615384615384
elastic_net,22,10,0.6666666666666666
elastic_net,23,10,0.42857142857142855
elastic_net,24,10,0.42857142857142855
elastic_net,25,10,0.6666666666666666
elastic_net,26,10,0.42857142857142855
elastic_net,27,10,0.5384615384615384
elastic_net,28,10,0.5384615384615384
elastic_net,29,10,0.42857142857142855
elastic_net,0,12,0.6
elastic_net,1,12,0.4117647058823529
elastic_net,2,12,0.6
elastic_net,3,12,0.6
elastic_net,4,12,0.7142857142857143
elastic_net,5,12,0.7142857142857143
elastic_net,6,12,0.5
elastic_net,7,12,0.5
elastic_net,8,12,0.6
elastic_net,9,12,0.7142857142857143
elastic_net,10,12,0.7142857142857143
elastic_net,11,12,0.4117647058823529
elastic_net,12,12,0.5
elastic_net,13,12,0.7142857142857143
elastic_net,14,12,0.4117647058823529
elastic_net,15,12,0.5
elastic_net,16,12,0.5
elastic_net,17,12,0.4117647058823529
elastic_net,18,12,0.5
elastic_net,19,12,0.5
elastic_net,20,12,0.4117647058823529
elastic_net,21,12,0.5
elastic_net,22,12,0.5
elastic_net,23,12,0.5
elastic_net,24,12,0.5
elastic_net,25,12,0.6
elastic_net,26,12,0.5
elastic_net,27,12,0.4117647058823529
elastic_net,28,12,0.4117647058823529
elastic_net,29,12,0.5
elastic_net,0,14,0.5555555555555556
elastic_net,1,14,0.47368421052631576
elastic_net,2,14,0.47368421052631576
elastic_net,3,14,0.6470588235294118
elastic_net,4,14,0.5555555555555556
elastic_net,5,14,0.5555555555555556
elastic_net,6,14,0.47368421052631576
elastic_net,7,14,0.47368421052631576
elastic_net,8,14,0.75
elastic_net,9,14,0.6470588235294118
elastic_net,10,14,0.5555555555555556
elastic_net,11,14,0.47368421052631576
elastic_net,12,14,0.4
elastic_net,13,14,0.5555555555555556
elastic_net,14,14,0.47368421052631576
elastic_net,15,14,0.47368421052631576
elastic_net,16,14,0.47368421052631576
elastic_net,17,14,0.4
elastic_net,18,14,0.5555555555555556
elastic_net,19,14,0.5555555555555556
elastic_net,20,14,0.4
elastic_net,21,14,0.4
elastic_net,22,14,0.4
elastic_net,23,14,0.47368421052631576
elastic_net,24,14,0.4
elastic_net,25,14,0.5555555555555556
elastic_net,26,14,0.47368421052631576
elastic_net,27,14,0.3333333333333333
elastic_net,28,14,0.4
elastic_net,29,14,0.4
shadow_trees,0,4,1.0
shadow_trees,1,4,1.0
shadow_trees,2,4,1.0
shadow_trees,3,4,1.0
shadow_trees,4,4,1.0
shadow_trees,5,4,1.0
shadow_trees,6,4,0.6
shadow_trees,7,4,1.0
shadow_trees,8,4,1.0
shadow_trees,9,4,1.0
shadow_trees,10,4,0.6
shadow_trees,11,4,0.6
shadow_trees,12,4,1.0
shadow_trees,13,4,0.6
shadow_trees,14,4,1.0
shadow_trees,15,4,0.6
shadow_trees,16,4,0.6
shadow_trees,17,4,1.0
shadow_trees,18,4,1.0
shadow_trees,19,4,1.0
shadow_trees,20,4,0.6
shadow_trees,21,4,0.6
shadow_trees,22,4,1.0
shadow_trees,23,4,1.0
shadow_trees,24,4,1.0
shadow_trees,25,4,1.0
shadow_trees,26,4,1.0
shadow_trees,27,4,1.0
shadow_trees,28,4,1.0
shadow_trees,29,4,1.0
shadow_trees,0,8,1.0
shadow_trees,1,8,1.0
shadow_trees,2,8,1.0
shadow_trees,3,8,1.0
shadow_trees,4,8,1.0
shadow_trees,5,8,1.0
shadow_trees,6,8,1.0
shadow_trees,7,8,1.0
shadow_trees,8,8,1.0
shadow_trees,9,8,1.0
shadow_trees,10,8,1.0
shadow_trees,11,8,1.0
shadow_trees,12,8,1.0
shadow_trees,13,8,1.0
shadow_trees,14,8,1.0
shadow_trees,15,8,1.0
shadow_trees,16,8,1.0
shadow_trees,17,8,1.0
shadow_trees,18,8,1.0
shadow_trees,19,8,1.0
shadow_trees,20,8,1.0
shadow_trees,21,8,1.0
shadow_trees,22,8,1.0
shadow_trees,23,8,1.0
shadow_trees,24,8,1.0
shadow_trees,25,8,1.0
shadow_trees,26,8,1.0
shadow_trees,27,8,1.0
shadow_trees,28,8,1.0
shadow_trees,29,8,1.0
shadow_trees,0,10,1.0
shadow_trees,1,10,0.8181818181818182
shadow_trees,2,10,1.0
shadow_trees,3,10,1.0
shadow_trees,4,10,0.8181818181818182
shadow_trees,5,10,1.0
shadow_trees,6,10,0.8181818181818182
shadow_trees,7,10,0.8181818181818182
shadow_trees,8,10,0.8181818181818182
shadow_trees,9,10,1.0
shadow_trees,10,10,0.8181818181818182
shadow_trees,11,10,1.0
shadow_trees,12,10,0.8181818181818182
shadow_trees,13,10,0.8181818181818182
shadow_trees,14,10,0.8181818181818182
shadow_trees,15,10,1.0
shadow_trees,16,10,0.8181818181818182
shadow_trees,17,10,0.8181818181818182
shadow_trees,18,10,0.8181818181818182
shadow_trees,19,10,0.8181818181818182
shadow_trees,20,10,0.8181818181818182
shadow_trees,21,10,0.8181818181818182
shadow_trees,22,10,0.8181818181818182
shadow_trees,23,10,0.8181818181818182
shadow_trees,24,10,1.0
shadow_trees,25,10,0.8181818181818182
shadow_trees,26,10,0.8181818181818182
shadow_trees,27,10,1.0
shadow_trees,28,10,1.0
shadow_trees,29,10,0.8181818181818182
shadow_trees,0,12,1.0
shadow_trees,1,12,0.8461538461538461
shadow_trees,2,12,1.0
shadow_trees,3,12,1.0
shadow_trees,4,12,0.8461538461538461
shadow_trees,5,12,0.8461538461538461
shadow_trees,6,12,0.8461538461538461
shadow_trees,7,12,0.8461538461538461
shadow_trees,8,12,0.8461538461538461
shadow_trees,9,12,0.8461538461538461
shadow_trees,10,12,1.0
shadow_trees,11,12,0.8461538461538461
shadow_trees,12,12,0.7142857142857143
shadow_trees,13,12,1.0
shadow_trees,14,12,0.8461538461538461
shadow_trees,15,12,0.8461538461538461
shadow_trees,16,12,0.8461538461538461
shadow_trees,17,12,0.8461538461538461
shadow_trees,18,12,0.8461538461538461
shadow_trees,19,12,0.8461538461538461
shadow_trees,20,12,0.8461538461538461
shadow_trees,21,12,0.8461538461538461
shadow_trees,22,12,0.8461538461538461
shadow_trees,23,12,0.8461538461538461
shadow_trees,24,12,0.8461538461538461
shadow_trees,25,12,0.8461538461538461
shadow_trees,26,12,0.8461538461538461
shadow_trees,27,12,1.0
shadow_trees,28,12,1.0
shadow_trees,29,12,1.0
shadow_trees,0,14,0.8666666666666667
shadow_trees,1,14,0.8666666666666667
shadow_trees,2,14,0.8666666666666667
shadow_trees,3,14,0.8666666666666667
shadow_trees,4,14,0.8666666666666667
shadow_trees,5,14,1.0
shadow_trees,6,14,0.75
shadow_trees,7,14,1.0
shadow_trees,8,14,0.8666666666666667
shadow_trees,9,14,1.0
shadow_trees,10,14,1.0
shadow_trees,11,14,0.8666666666666667
shadow_trees,12,14,0.6470588235294118
shadow_trees,13,14,0.8666666666666667
shadow_trees,14,14,0.8666666666666667
shadow_trees,15,14,0.8666666666666667
shadow_trees,16,14,1.0
shadow_trees,17,14,0.75
shadow_trees,18,14,0.75
shadow_trees,19,14,1.0
shadow_trees,20,14,0.8666666666666667
shadow_trees,21,14,0.8666666666666667
shadow_trees,22,14,0.8666666666666667
shadow_trees,23,14,0.8666666666666667
shadow_trees,24,14,0.8666666666666667
shadow_trees,25,14,0.8666666666666667
shadow_trees,26,14,0.8666666666666667
shadow_trees,27,14,0.8666666666666667
shadow_trees,28,14,0.8666666666666667
shadow_trees,29,14,0.8666666666666667
stability_selection,0,4,0.6
stability_selection,1,4,0.6
stability_selection,2,4,0.3333333333333333
stability_selection,3,4,0.3333333333333333
stability_selection,4,4,0.6
stability_selection,5,4,0.6
stability_selection,6,4,0.3333333333333333
stability_selection,7,4,0.6
stability_selection,8,4,0.3333333333333333
stability_selection,9,4,1.0
stability_selection,10,4,0.6
stability_selection,11,4,0.3333333333333333
stability_selection,12,4,0.6
stability_selection,13,4,0.6
stability_selection,14,4,0.3333333333333333
stability_selection,15,4,0.6
stability_selection,16,4,1.0
stability_selection,17,4,0.3333333333333333
stability_selection,18,4,0.3333333333333333
stability_selection,19,4,0.3333333333333333
stability_selection,20,4,0.6
stability_selection,21,4,1.0
stability_selection,22,4,0.6
stability_selection,23,4,0.3333333333333333
stability_selection,24,4,0.3333333333333333
stability_selection,25,4,0.3333333333333333
stability_selection,26,4,0.3333333333333333
stability_selection,27,4,1.0
stability_selection,28,4,1.0
stability_selection,29,4,0.3333333333333333
stability_selection,0,8,0.3333333333333333
stability_selection,1,8,0.45454545454545453
stability_selection,2,8,0.6
stability_selection,3,8,0.6
stability_selection,4,8,0.6
stability_selection,5,8,0.45454545454545453
stability_selection,6,8,0.45454545454545453
stability_selection,7,8,0.3333333333333333
stability_selection,8,8,0.45454545454545453
stability_selection,9,8,0.6
stability_selection,10,8,0.45454545454545453
stability_selection,11,8,0.45454545454545453
stability_selection,12,8,0.45454545454545453
stability_selection,13,8,0.6
stability_selection,14,8,0.45454545454545453
stability_selection,15,8,0.6
stability_selection,16,8,0.45454545454545453
stability_selection,17,8,0.3333333333333333
stability_selection,18,8,0.45454545454545453
stability_selection,19,8,0.45454545454545453
stability_selection,20,8,0.45454545454545453
stability_selection,21,8,0.6
stability_selection,22,8,0.7777777777777778
stability_selection,23,8,0.45454545454545453
stability_selection,24,8,0.45454545454545453
stability_selection,25,8,0.3333333333333333
stability_selection,26,8,0.3333333333333333
stability_selection,27,8,0.6
stability_selection,28,8,0.45454545454545453
stability_selection,29,8,0.3333333333333333
stability_selection,0,10,0.3333333333333333
stability_selection,1,10,0.42857142857142855
stability_selection,2,10,0.5384615384615384
stability_selection,3,10,0.5384615384615384
stability_selection,4,10,0.5384615384615384
stability_selection,5,10,0.6666666666666666
stability_selection,6,10,0.5384615384615384
stability_selection,7,10,0.3333333333333333
stability_selection,8,10,0.42857142857142855
stability_selection,9,10,0.5384615384615384
stability_selection,10,10,0.5384615384615384
stability_selection,11,10,0.42857142857142855
stability_selection,12,10,0.5384615384615384
stability_selection,13,10,0.6666666666666666
stability_selection,14,10,0.5384615384615384
stability_selection,15,10,0.5384615384615384
stability_selection,16,10,0.5384615384615384
stability_selection,17,10,0.3333333333333333
stability_selection,18,10,0.5384615384615384
stability_selection,19,10,0.42857142857142855
stability_selection,20,10,0.42857142857142855
stability_selection,21,10,0.42857142857142855
stability_selection,22,10,0.5384615384615384
stability_selection,23,10,0.42857142857142855
stability_selection,24,10,0.42857142857142855
stability_selection,25,10,0.25
stability_selection,26,10,0.42857142857142855
stability_selection,27,10,0.5384615384615384
stability_selection,28,10,0.3333333333333333
stability_selection,29,10,0.42857142857142855
stability_selection,0,12,0.3333333333333333
stability_selection,1,12,0.3333333333333333
stability_selection,2,12,0.6
stability_selection,3,12,0.6
stability_selection,4,12,0.4117647058823529
stability_selection,5,12,0.6
stability_selection,6,12,0.6
stability_selection,7,12,0.5
stability_selection,8,12,0.4117647058823529
stability_selection,9,12,0.5
stability_selection,10,12,0.6
stability_selection,11,12,0.4117647058823529
stability_selection,12,12,0.6
stability_selection,13,12,0.5
stability_selection,14,12,0.4117647058823529
stability_selection,15,12,0.5
stability_selection,16,12,0.4117647058823529
stability_selection,17,12,0.3333333333333333
stability_selection,18,12,0.5
stability_selection,19,12,0.5
stability_selection,20,12,0.5
stability_selection,21,12,0.4117647058823529
stability_selection,22,12,0.6
stability_selection,23,12,0.5
stability_selection,24,12,0.3333333333333333
stability_selection,25,12,0.5
stability_selection,26,12,0.3333333333333333
stability_selection,27,12,0.4117647058823529
stability_selection,28,12,0.4117647058823529
stability_selection,29,12,0.4117647058823529
stability_selection,0,14,0.47368421052631576
stability_selection,1,14,0.3333333333333333
stability_selection,2,14,0.75
stability_selection,3,14,0.5555555555555556
stability_selection,4,14,0.5555555555555556
stability_selection,5,14,0.6470588235294118
stability_selection,6,14,0.47368421052631576
stability_selection,7,14,0.47368421052631576
stability_selection,8,14,0.47368421052631576
stability_selection,9,14,0.5555555555555556
stability_selection,10,14,0.5555555555555556
stability_selection,11,14,0.4
stability_selection,12,14,0.5555555555555556
stability_selection,13,14,0.6470588235294118
stability_selection,14,14,0.3333333333333333
stability_selection,15,14,0.47368421052631576
stability_selection,16,14,0.5555555555555556
stability_selection,17,14,0.47368421052631576
stability_selection,18,14,0.47368421052631576
stability_selection,19,14,0.5555555555555556
stability_selection,20,14,0.5555555555555556
stability_selection,21,14,0.47368421052631576
stability_selection,22,14,0.6470588235294118
stability_selection,23,14,0.47368421052631576
stability_selection,24,14,0.3333333333333333
stability_selection,25,14,0.47368421052631576
stability_selection,26,14,0.4
stability_selection,27,14,0.4
stability_selection,28,14,0.4
stability_selection,29,14,0.47368421052631576
tabm,0,4,0.3333333333333333
tabm,1,4,0.6
tabm,2,4,0.3333333333333333
tabm,3,4,0.3333333333333333
tabm,4,4,1.0
tabm,5,4,0.3333333333333333
tabm,6,4,0.6
tabm,7,4,0.6
tabm,8,4,0.6
tabm,9,4,0.6
tabm,10,4,0.3333333333333333
tabm,11,4,0.6
tabm,12,4,0.6
tabm,13,4,1.0
tabm,14,4,0.6
tabm,15,4,0.6
tabm,16,4,0.6
tabm,17,4,0.6
tabm,18,4,0.6
tabm,19,4,0.3333333333333333
tabm,20,4,0.6
tabm,21,4,0.3333333333333333
tabm,22,4,0.6
tabm,23,4,0.6
tabm,24,4,0.6
tabm,25,4,0.3333333333333333
tabm,26,4,0.6
tabm,27,4,1.0
tabm,28,4,0.6
tabm,29,4,0.6
tabm,0,8,0.7777777777777778
tabm,1,8,0.7777777777777778
tabm,2,8,0.7777777777777778
tabm,3,8,1.0
tabm,4,8,1.0
tabm,5,8,0.7777777777777778
tabm,6,8,0.7777777777777778
tabm,7,8,0.7777777777777778
tabm,8,8,0.6
tabm,9,8,0.7777777777777778
tabm,10,8,0.7777777777777778
tabm,11,8,0.7777777777777778
tabm,12,8,0.6
tabm,13,8,0.7777777777777778
tabm,14,8,0.7777777777777778
tabm,15,8,0.7777777777777778
tabm,16,8,0.7777777777777778
tabm,17,8,0.6
tabm,18,8,0.7777777777777778
tabm,19,8,0.7777777777777778
tabm,20,8,0.6
tabm,21,8,0.7777777777777778
tabm,22,8,0.6
tabm,23,8,0.45454545454545453
tabm,24,8,0.7777777777777778
tabm,25,8,1.0
tabm,26,8,0.7777777777777778
tabm,27,8,0.7777777777777778
tabm,28,8,0.6
tabm,29,8,0.6
tabm,0,10,0.6666666666666666
tabm,1,10,0.8181818181818182
tabm,2,10,0.8181818181818182
tabm,3,10,0.8181818181818182
tabm,4,10,0.6666666666666666
tabm,5,10,0.5384615384615384
tabm,6,10,0.6666666666666666
tabm,7,10,0.8181818181818182
tabm,8,10,0.6666666666666666
tabm,9,10,0.8181818181818182
tabm,10,10,0.8181818181818182
tabm,11,10,0.6666666666666666
tabm,12,10,0.6666666666666666
tabm,13,10,0.8181818181818182
tabm,14,10,1.0
tabm,15,10,0.6666666666666666
tabm,16,10,0.8181818181818182
tabm,17,10,0.6666666666666666
tabm,18,10,0.6666666666666666
tabm,19,10,0.8181818181818182
tabm,20,10,0.6666666666666666
tabm,21,10,0.8181818181818182
tabm,22,10,0.8181818181818182
tabm,23,10,0.5384615384615384
tabm,24,10,0.8181818181818182
tabm,25,10,0.6666666666666666
tabm,26,10,0.8181818181818182
tabm,27,10,0.6666666666666666
tabm,28,10,0.5384615384615384
tabm,29,10,0.42857142857142855
tabm,0,12,0.6
tabm,1,12,1.0
tabm,2,12,0.8461538461538461
tabm,3,12,0.8461538461538461
tabm,4,12,0.7142857142857143
tabm,5,12,0.5
tabm,6,12,0.7142857142857143
tabm,7,12,0.8461538461538461
tabm,8,12,0.5
tabm,9,12,0.7142857142857143
tabm,10,12,0.8461538461538461
tabm,11,12,0.6
tabm,12,12,0.5
tabm,13,12,0.6
tabm,14,12,0.8461538461538461
tabm,15,12,0.7142857142857143
tabm,16,12,0.7142857142857143
tabm,17,12,0.7142857142857143
tabm,18,12,0.8461538461538461
tabm,19,12,0.7142857142857143
tabm,20,12,0.6
tabm,21,12,0.6
tabm,22,12,0.8461538461538461
tabm,23,12,0.6
tabm,24,12,0.8461538461538461
tabm,25,12,0.7142857142857143
tabm,26,12,0.8461538461538461
tabm,27,12,0.6
tabm,28,12,0.4117647058823529
tabm,29,12,0.3333333333333333
tabm,0,14,0.6470588235294118
tabm,1,14,0.75
tabm,2,14,0.6470588235294118
tabm,3,14,0.75
tabm,4,14,0.6470588235294118
tabm,5,14,0.4
tabm,6,14,0.6470588235294118
tabm,7,14,0.8666666666666667
tabm,8,14,0.47368421052631576
tabm,9,14,0.6470588235294118
tabm,10,14,0.75
tabm,11,14,0.75
tabm,12,14,0.47368421052631576
tabm,13,14,0.6470588235294118
tabm,14,14,0.75
tabm,15,14,0.5555555555555556
tabm,16,14,0.75
tabm,17,14,0.6470588235294118
tabm,18,14,0.8666666666666667
tabm,19,14,0.6470588235294118
tabm,20,14,0.6470588235294118
tabm,21,14,0.47368421052631576
tabm,22,14,0.75
tabm,23,14,0.5555555555555556
tabm,24,14,0.6470588235294118
tabm,25,14,0.6470588235294118
tabm,26,14,0.6470588235294118
tabm,27,14,0.5555555555555556
tabm,28,14,0.5555555555555556
tabm,29,14,0.4
vtfs,0,4,0.0
vtfs,1,4,0.0
vtfs,2,4,0.3333333333333333
vtfs,3,4,0.14285714285714285
vtfs,4,4,1.0
vtfs,5,4,1.0
vtfs,6,4,0.0
vtfs,7,4,0.0
vtfs,8,4,0.14285714285714285
vtfs,9,4,0.14285714285714285
vtfs,10,4,0.0
vtfs,11,4,1.0
vtfs,12,4,1.0
vtfs,13,4,0.0
vtfs,14,4,0.14285714285714285
vtfs,15,4,0.14285714285714285
vtfs,16,4,0.0
vtfs,17,4,0.14285714285714285
vtfs,18,4,0.14285714285714285
vtfs,19,4,1.0
vtfs,20,4,0.14285714285714285
vtfs,21,4,0.14285714285714285
vtfs,22,4,0.0
vtfs,23,4,0.0
vtfs,24,4,0.14285714285714285
vtfs,25,4,0.3333333333333333
vtfs,26,4,0.0
vtfs,27,4,0.14285714285714285
vtfs,28,4,1.0
vtfs,29,4,0.0
vtfs,0,8,0.06666666666666667
vtfs,1,8,0.14285714285714285
vtfs,2,8,0.6
vtfs,3,8,0.45454545454545453
vtfs,4,8,1.0
vtfs,5,8,0.7777777777777778
vtfs,6,8,0.23076923076923078
vtfs,7,8,0.06666666666666667
vtfs,8,8,0.23076923076923078
vtfs,9,8,0.23076923076923078
vtfs,10,8,0.14285714285714285
vtfs,11,8,1.0
vtfs,12,8,1.0
vtfs,13,8,0.23076923076923078
vtfs,14,8,0.06666666666666667
vtfs,15,8,0.06666666666666667
vtfs,16,8,0.14285714285714285
vtfs,17,8,0.3333333333333333
vtfs,18,8,0.14285714285714285
vtfs,19,8,1.0
vtfs,20,8,0.3333333333333333
vtfs,21,8,0.06666666666666667
vtfs,22,8,0.06666666666666667
vtfs,23,8,0.23076923076923078
vtfs,24,8,0.06666666666666667
vtfs,25,8,0.3333333333333333
vtfs,26,8,0.14285714285714285
vtfs,27,8,0.06666666666666667
vtfs,28,8,1.0
vtfs,29,8,0.23076923076923078
vtfs,0,10,0.17647058823529413
vtfs,1,10,0.17647058823529413
vtfs,2,10,0.42857142857142855
vtfs,3,10,0.5384615384615384
vtfs,4,10,1.0
vtfs,5,10,0.8181818181818182
vtfs,6,10,0.42857142857142855
vtfs,7,10,0.17647058823529413
vtfs,8,10,0.3333333333333333
vtfs,9,10,0.5384615384615384
vtfs,10,10,0.17647058823529413
vtfs,11,10,1.0
vtfs,12,10,1.0
vtfs,13,10,0.25
vtfs,14,10,0.17647058823529413
vtfs,15,10,0.17647058823529413
vtfs,16,10,0.17647058823529413
vtfs,17,10,0.5384615384615384
vtfs,18,10,0.25
vtfs,19,10,1.0
vtfs,20,10,0.5384615384615384
vtfs,21,10,0.17647058823529413
vtfs,22,10,0.17647058823529413
vtfs,23,10,0.25
vtfs,24,10,0.17647058823529413
vtfs,25,10,0.25
vtfs,26,10,0.17647058823529413
vtfs,27,10,0.17647058823529413
vtfs,28,10,1.0
vtfs,29,10,0.25
vtfs,0,12,0.14285714285714285
vtfs,1,12,0.2
vtfs,2,12,0.7142857142857143
vtfs,3,12,0.6
vtfs,4,12,1.0
vtfs,5,12,0.7142857142857143
vtfs,6,12,0.3333333333333333
vtfs,7,12,0.14285714285714285
vtfs,8,12,0.2631578947368421
vtfs,9,12,0.5
vtfs,10,12,0.2
vtfs,11,12,1.0
vtfs,12,12,1.0
vtfs,13,12,0.2631578947368421
vtfs,14,12,0.2631578947368421
vtfs,15,12,0.2631578947368421
vtfs,16,12,0.2
vtfs,17,12,0.5
vtfs,18,12,0.2631578947368421
vtfs,19,12,1.0
vtfs,20,12,0.4117647058823529
vtfs,21,12,0.2631578947368421
vtfs,22,12,0.2631578947368421
vtfs,23,12,0.2631578947368421
vtfs,24,12,0.2631578947368421
vtfs,25,12,0.2631578947368421
vtfs,26,12,0.2
vtfs,27,12,0.2631578947368421
vtfs,28,12,1.0
vtfs,29,12,0.2631578947368421
vtfs,0,14,0.2727272727272727
vtfs,1,14,0.3333333333333333
vtfs,2,14,0.75
vtfs,3,14,0.6470588235294118
vtfs,4,14,1.0
vtfs,5,14,0.75
vtfs,6,14,0.3333333333333333
vtfs,7,14,0.2727272727272727
vtfs,8,14,0.2727272727272727
vtfs,9,14,0.5555555555555556
vtfs,10,14,0.3333333333333333
vtfs,11,14,1.0
vtfs,12,14,1.0
vtfs,13,14,0.2727272727272727
vtfs,14,14,0.2727272727272727
vtfs,15,14,0.2727272727272727
vtfs,16,14,0.3333333333333333
vtfs,17,14,0.6470588235294118
vtfs,18,14,0.2727272727272727
vtfs,19,14,1.0
vtfs,20,14,0.6470588235294118
vtfs,21,14,0.2727272727272727
vtfs,22,14,0.3333333333333333
vtfs,23,14,0.21739130434782608
vtfs,24,14,0.2727272727272727
vtfs,25,14,0.21739130434782608
vtfs,26,14,0.3333333333333333
vtfs,27,14,0.2727272727272727
vtfs,28,14,1.0
vtfs,29,14,0.21739130434782608
xgboost_shap,0,4,0.6
xgboost_shap,1,4,0.6
xgboost_shap,2,4,0.6
xgboost_shap,3,4,0.6
xgboost_shap,4,4,0.6
xgboost_shap,5,4,0.6
xgboost_shap,6,4,0.6
xgboost_shap,7,4,0.6
xgboost_shap,8,4,0.6
xgboost_shap,9,4,0.6
xgboost_shap,10,4,0.6
xgboost_shap,11,4,0.6
xgboost_shap,12,4,0.6
xgboost_shap,13,4,0.6
xgboost_shap,14,4,0.6
xgboost_shap,15,4,0.6
xgboost_shap,16,4,0.3333333333333333
xgboost_shap,17,4,0.6
xgboost_shap,18,4,0.6
xgboost_shap,19,4,0.6
xgboost_shap,20,4,0.3333333333333333
xgboost_shap,21,4,0.6
xgboost_shap,22,4,0.6
xgboost_shap,23,4,0.6
xgboost_shap,24,4,0.6
xgboost_shap,25,4,0.6
xgboost_shap,26,4,0.6
xgboost_shap,27,4,0.6
xgboost_shap,28,4,0.6
xgboost_shap,29,4,0.6
xgboost_shap,0,8,0.7777777777777778
xgboost_shap,1,8,0.7777777777777778
xgboost_shap,2,8,0.6
xgboost_shap,3,8,0.7777777777777778
xgboost_shap,4,8,0.7777777777777778
xgboost_shap,5,8,0.7777777777777778
xgboost_shap,6,8,1.0
xgboost_shap,7,8,0.7777777777777778
xgboost_shap,8,8,1.0
xgboost_shap,9,8,0.7777777777777778
xgboost_shap,10,8,1.0
xgboost_shap,11,8,0.7777777777777778
xgboost_shap,12,8,0.7777777777777778
xgboost_shap,13,8,0.7777777777777778
xgboost_shap,14,8,0.7777777777777778
xgboost_shap,15,8,0.7777777777777778
xgboost_shap,16,8,0.7777777777777778
xgboost_shap,17,8,0.7777777777777778
xgboost_shap,18,8,0.7777777777777778
xgboost_shap,19,8,0.6
xgboost_shap,20,8,0.7777777777777778
xgboost_shap,21,8,0.7777777777777778
xgboost_shap,22,8,0.6
xgboost_shap,23,8,1.0
xgboost_shap,24,8,0.7777777777777778
xgboost_shap,25,8,0.7777777777777778
xgboost_shap,26,8,0.7777777777777778
xgboost_shap,27,8,0.7777777777777778
xgboost_shap,28,8,0.6
xgboost_shap,29,8,0.7777777777777778
xgboost_shap,0,10,0.5384615384615384
xgboost_shap,1,10,0.8181818181818182
xgboost_shap,2,10,0.6666666666666666
xgboost_shap,3,10,0.8181818181818182
xgboost_shap,4,10,0.6666666666666666
xgboost_shap,5,10,0.6666666666666666
xgboost_shap,6,10,0.8181818181818182
xgboost_shap,7,10,0.8181818181818182
xgboost_shap,8,10,1.0
xgboost_shap,9,10,1.0
xgboost_shap,10,10,0.8181818181818182
xgboost_shap,11,10,0.5384615384615384
xgboost_shap,12,10,0.5384615384615384
xgboost_shap,13,10,0.8181818181818182
xgboost_shap,14,10,0.6666666666666666
xgboost_shap,15,10,0.5384615384615384
xgboost_shap,16,10,0.6666666666666666
xgboost_shap,17,10,0.8181818181818182
xgboost_shap,18,10,0.6666666666666666
xgboost_shap,19,10,0.6666666666666666
xgboost_shap,20,10,0.6666666666666666
xgboost_shap,21,10,0.6666666666666666
xgboost_shap,22,10,0.8181818181818182
xgboost_shap,23,10,0.6666666666666666
xgboost_shap,24,10,0.8181818181818182
xgboost_shap,25,10,0.8181818181818182
xgboost_shap,26,10,0.6666666666666666
xgboost_shap,27,10,0.8181818181818182
xgboost_shap,28,10,0.8181818181818182
xgboost_shap,29,10,0.6666666666666666
xgboost_shap,0,12,0.7142857142857143
xgboost_shap,1,12,0.7142857142857143
xgboost_shap,2,12,0.7142857142857143
xgboost_shap,3,12,0.8461538461538461
xgboost_shap,4,12,0.7142857142857143
xgboost_shap,5,12,0.7142857142857143
xgboost_shap,6,12,0.7142857142857143
xgboost_shap,7,12,0.6
xgboost_shap,8,12,0.7142857142857143
xgboost_shap,9,12,0.7142857142857143
xgboost_shap,10,12,0.6
xgboost_shap,11,12,0.7142857142857143
xgboost_shap,12,12,0.4117647058823529
xgboost_shap,13,12,0.6
xgboost_shap,14,12,0.5
xgboost_shap,15,12,0.6
xgboost_shap,16,12,0.6
xgboost_shap,17,12,0.6
xgboost_shap,18,12,0.6
xgboost_shap,19,12,0.6
xgboost_shap,20,12,0.6
xgboost_shap,21,12,0.6
xgboost_shap,22,12,0.7142857142857143
xgboost_shap,23,12,0.7142857142857143
xgboost_shap,24,12,0.7142857142857143
xgboost_shap,25,12,0.6
xgboost_shap,26,12,0.7142857142857143
xgboost_shap,27,12,0.7142857142857143
xgboost_shap,28,12,0.7142857142857143
xgboost_shap,29,12,0.6
xgboost_shap,0,14,0.6470588235294118
xgboost_shap,1,14,0.6470588235294118
xgboost_shap,2,14,0.6470588235294118
xgboost_shap,3,14,0.6470588235294118
xgboost_shap,4,14,0.6470588235294118
xgboost_shap,5,14,0.8666666666666667
xgboost_shap,6,14,0.75
xgboost_shap,7,14,0.5555555555555556
xgboost_shap,8,14,0.75
xgboost_shap,9,14,0.8666666666666667
xgboost_shap,10,14,0.5555555555555556
xgboost_shap,11,14,0.6470588235294118
xgboost_shap,12,14,0.47368421052631576
xgboost_shap,13,14,0.47368421052631576
xgboost_shap,14,14,0.5555555555555556
xgboost_shap,15,14,0.6470588235294118
xgboost_shap,16,14,0.6470588235294118
xgboost_shap,17,14,0.6470588235294118
xgboost_shap,18,14,0.5555555555555556
xgboost_shap,19,14,0.6470588235294118
xgboost_shap,20,14,0.6470588235294118
xgboost_shap,21,14,0.6470588235294118
xgboost_shap,22,14,0.6470588235294118
xgboost_shap,23,14,0.5555555555555556
xgboost_shap,24,14,0.6470588235294118
xgboost_shap,25,14,0.5555555555555556
xgboost_shap,26,14,0.6470588235294118
xgboost_shap,27,14,0.6470588235294118
xgboost_shap,28,14,0.6470588235294118
xgboost_shap,29,14,0.6470588235294118
